Price,Close,High,Low,Open,Volume
Ticker,AAPL,AAPL,AAPL,AAPL,AAPL
Date,,,,,
2020-01-02,72.40052795410156,72.46079141879511,71.15668916006118,71.4097927692221,135480400
2020-01-03,71.6966323852539,72.45595040957373,71.47245410922795,71.6291376132339,146322800
2020-01-06,72.26793670654297,72.3065062028637,70.56851011431775,70.81920816221287,118387200
2020-01-07,71.92808532714844,72.53312568594059,71.70872536923115,72.27760910998904,108872000
2020-01-08,73.0851058959961,73.38642316119072,71.63155170295238,71.63155170295238,132079200
2020-01-09,74.63748168945312,74.83032176731344,73.81066900497032,74.06135963491325,170108400
2020-01-10,74.80622100830078,75.37029336253585,74.30483235122053,74.87131024106992,140644800
2020-01-13,76.40441131591797,76.43093105955663,75.00388930942306,75.12201067519445,121532000
2020-01-14,75.37271118164062,76.5514679630278,75.24977872842311,76.34175230410106,161954400
2020-01-15,75.0497055053711,76.0524904138791,74.6182170498927,75.17264532410701,121923600
2020-01-16,75.98980712890625,76.10069718746519,75.23048903454546,75.5920697800867,108829200
2020-01-17,76.83108520507812,76.83349074089385,75.93195182564011,76.23808752279956,137816400
2020-01-21,76.3104248046875,76.90100236781842,76.1730223343127,76.45987702591754,110843200
2020-01-22,76.58281707763672,77.1348251407198,76.48880253772091,76.79493830286927,101832400
2020-01-23,76.95160675048828,77.03115126719418,76.0886300322076,76.63582686293465,104472000
2020-01-24,76.7298355102539,77.93992295405599,76.5394009459346,77.1974804769854,146537600
2020-01-27,74.47357177734375,75.15333787807808,73.4924810810553,74.74113795467083,161940000
2020-01-28,76.58037567138672,76.75152179476333,75.25457988632637,75.35341281852345,162234000
2020-01-29,78.18339538574219,79.0294966511186,77.46987813568431,78.20991513135742,216229200
2020-01-30,78.07009887695312,78.12313101118072,76.8359045055242,77.26739289963146,126743200
2020-01-31,74.60857391357422,77.78324876217432,74.31448794421121,77.361404556077,199588400
2020-02-03,74.4036865234375,75.56797344941275,72.8512990512171,73.3526878513845,173788400
2020-02-04,76.86000061035156,77.05043515977154,75.60169956180454,76.00666815397705,136616400
2020-02-05,77.48675537109375,78.28464294726993,76.88412080562057,77.98573120045752,118826800
2020-02-06,78.39311218261719,78.39552507490272,77.1999001655233,77.7567339114429,105425600
2020-02-07,77.3275375366211,78.14181565091206,76.83703724788526,77.89294126547146,117684000
2020-02-10,77.69480895996094,77.69480895996094,75.83429386411699,75.91402717049185,109348800
2020-02-11,77.2260513305664,78.26262851927434,77.00858949259958,78.19014369789785,94323200
2020-02-12,79.06002044677734,79.06485031160207,77.67550098211204,77.67550098211204,113730400
2020-02-13,78.49698638916016,78.8231827517843,78.12971776259822,78.33268258573789,94747600
2020-02-14,78.51634979248047,78.76522420824622,78.00893385896474,78.4656030374421,80113600
2020-02-18,77.07865142822266,77.25987082813228,76.01791033464364,76.19912973455325,152531200
2020-02-19,78.19498443603516,78.42453202537972,77.32029972520789,77.32029972520789,93984000
2020-02-20,77.39276123046875,78.44383521283203,76.88776405995536,77.95575362250639,100566000
2020-02-21,75.64099884033203,77.42903672549149,75.02485563249914,76.98685711850104,129554000
2020-02-24,72.0479965209961,73.4977516680358,69.88544951763012,71.8257048611315,222195200
2020-02-25,69.60758972167969,73.09908711151304,69.13642361597664,72.71732141374063,230673600
2020-02-26,70.7118148803711,71.9755209333374,69.22581713906433,69.23306562077462,198054800
2020-02-27,66.08951568603516,69.10500967174747,65.95420576749399,67.92104419759342,320605600
2020-02-28,66.05086517333984,67.27108062705318,61.94564270332902,62.16069333508348,426510000
2020-03-02,72.20022583007812,72.83570304979878,67.10433710214947,68.20615048257532,341397200
2020-03-03,69.90721893310547,73.45428597286327,69.05669090258408,73.37455265692115,319475600
2020-03-04,73.14982604980469,73.30930003617219,70.82780458094045,71.62758575768213,219178400
2020-03-05,70.77705383300781,72.37902717401828,70.41219640582361,71.40527520257908,187572800
2020-03-06,69.83714294433594,70.26965542799252,67.95246362121284,68.13851293457299,226176800
2020-03-09,64.31358337402344,67.19376061426469,63.54762585590985,63.72884532127841,286744800
2020-03-10,68.9455337524414,69.21132371848606,65.0867678159455,66.96420578722295,285290000
2020-03-11,66.551025390625,67.9500415324096,65.68841908631278,67.02461750309321,255598800
2020-03-12,59.978797912597656,65.23899494473845,59.92322498627828,61.841735279374994,418474000
2020-03-13,67.16477966308594,67.63595331366125,61.11929609741494,64.00431482060526,370732000
2020-03-16,58.52421951293945,62.60044418179931,57.99022457275424,58.46139441002403,322423600
2020-03-17,61.0975227355957,62.245242026979696,57.60361074150865,59.80482274842446,324056000
2020-03-18,59.601863861083984,60.406478598445545,57.29433564123959,57.93464652653443,300233600
2020-03-19,59.14519119262695,61.09269547807698,58.62086339938416,59.775834978401704,271857200
2020-03-20,55.39031982421875,60.84864774255849,55.09070239617697,59.72508515259065,401693200
2020-03-23,54.21359634399414,55.211512386638695,51.372077383902344,55.11002996166237,336752800
2020-03-24,59.65260696411133,59.84832336499044,56.61295251663222,57.11070131069981,287531200
2020-03-25,59.32399368286133,62.399890444761496,59.02920978154729,60.587696143364745,303602000
2020-03-26,62.445804595947266,62.503792458271775,59.52696298189895,59.565624014727966,252087200
2020-03-27,59.86040496826172,61.82482113234886,59.69368249851185,61.07094946417779,204216800
2020-03-30,61.56870651245117,61.74026255580425,60.26150926393229,60.585290832590246,167976400
2020-03-31,61.443050384521484,63.42438208826982,60.88972867869349,61.759583420299464,197002000
2020-04-01,58.21010208129883,60.09719995282628,57.78000823267317,59.56079010801558,176218400
2020-04-02,59.181434631347656,59.23459262853542,57.241178794751,58.07237254686632,165934000
2020-04-03,58.3309211730957,59.36749487099752,57.741353268233574,58.6667810943843,129880000
2020-04-06,63.41954803466797,63.57418477082714,60.256665999907646,60.62393470039306,201820400
2020-04-07,62.68499755859375,65.64975169679985,62.58110020442296,65.43228251516715,202887200
2020-04-08,64.28939819335938,64.60350888065241,63.119929845723,63.48477990198321,168895200
2020-04-09,64.75332641601562,65.25591244712727,63.95838246710248,64.9248861243381,161834800
2020-04-13,66.0242919921875,66.13302662112467,64.23142416734326,64.83065918840516,131022800
2020-04-14,69.35871124267578,69.64866527052683,67.1840781553046,67.65525160710325,194994800
2020-04-15,68.72566223144531,69.18475002856255,67.80748663721087,68.23516188327974,131154400
2020-04-16,69.27174377441406,69.63660131632508,68.22308804264783,69.43846626880793,157125200
2020-04-17,68.33180236816406,69.33455576393993,66.89654391550201,68.78847886393716,215250000
2020-04-20,66.91345977783203,68.06118282102301,66.89413295001411,67.15992291899424,130015200
2020-04-21,64.84516143798828,66.99080126610937,64.13478048479037,66.75642377646463,180991600
2020-04-22,66.71292877197266,67.14785254874984,65.77058900639604,66.11127511969602,116862400
2020-04-23,66.45438385009766,68.07811050746528,66.41572281375096,66.65734876053877,124814400
2020-04-24,68.37288665771484,68.3825537591584,66.93037962499518,66.9787077583751,126161200
2020-04-27,68.42119598388672,68.75222222241877,67.64316044289428,68.09016237151883,117087600
2020-04-28,67.3121337890625,69.06392140300909,67.22032214952667,68.88270199466979,112004800
2020-04-29,69.52302551269531,69.99178036647727,68.59518290617446,68.79814778505363,137280800
2020-04-30,70.98967742919922,71.16606696831562,69.67282086621682,70.06183497622997,183064000
2020-05-01,69.8468246459961,72.24616888644995,69.0687886861115,69.16543760450267,240616800
2020-05-04,70.83505249023438,70.96311392727311,69.1823321546666,69.87096747127923,133568000
2020-05-05,71.8982162475586,72.72941009570229,71.14917433658927,71.2941513796541,147751200
2020-05-06,72.6399917602539,73.27063178737225,72.21472783850132,72.59891211487862,142333600
2020-05-07,73.39146423339844,73.7369949485584,72.9637889533335,73.2658213930559,115215200
2020-05-08,75.1383056640625,75.19160756554702,73.72339119914562,74.05047071308249,133838400
2020-05-11,76.32061004638672,76.81485582493812,74.4380900872954,74.64645469079235,145946400
2020-05-12,75.44841766357422,77.45449582037008,75.32727766040104,77.00385116379037,162301200
2020-05-13,74.53742218017578,76.54835012163572,73.46169865336998,75.62768191190082,200622400
2020-05-14,74.99535369873047,75.05592369907653,73.05468852162736,73.77668558751988,158929200
2020-05-15,74.55197143554688,74.59800522378177,72.73487156458532,72.7687943111998,166348400
2020-05-18,76.30850219726562,76.68161544536761,75.18432690881329,75.87482634655969,135178400
2020-05-19,75.86756896972656,77.17102926581177,75.83607138413613,76.32547436249678,101729600
2020-05-20,77.34302520751953,77.41328106413269,76.68644126951045,76.72520694581257,111504800
2020-05-21,76.76641082763672,77.7452239875939,76.5289737926269,77.20493698671349,102688800
2020-05-22,77.26066589355469,77.34304019898961,76.4029926993938,76.5047461498377,81803200
2020-05-26,76.73734283447266,78.55686050645615,76.68161577577496,78.37757568234818,125522000
2020-05-27,77.07170867919922,77.21707819837603,75.85546540281507,76.5944240445468,112945200
2020-05-28,77.1056137084961,78.36304756047794,76.47084126097369,76.74703662948228,133560800
2020-05-29,77.03048706054688,77.80820362136383,76.6743352421508,77.34787320010697,153532400
2020-06-01,77.9778060913086,78.09894607051093,76.85362353528801,76.98445678308985,80791200
2020-06-02,78.33881378173828,78.36304326033381,77.27035810172477,77.71130947324757,87642800
2020-06-03,78.77008056640625,79.03174713400516,78.08684912120862,78.65863382513984,104491200
2020-06-04,78.09168243408203,78.89120338502829,77.71856920653472,78.59320375117642,87560400
2020-06-05,80.31581115722656,80.3763811505578,78.31215843959637,78.34123085338769,137250400
2020-06-08,80.79067993164062,80.82460267780965,79.30308470158906,80.01296326734492,95654400
2020-06-09,83.34190368652344,83.734396145206,80.43939371025141,80.47089129660488,147712400
2020-06-10,85.486083984375,85.95368266276594,83.85069379935202,84.2892200574616,166651600
2020-06-11,81.3818359375,85.05480096655532,81.2800824962617,84.63081104253492,201662400
2020-06-12,82.0844497680664,84.26496946856898,80.97481077374836,83.5187504243347,200146000
2020-06-15,83.09961700439453,83.75135081292053,80.5774812512651,80.73981210877636,138808800
2020-06-16,85.30191802978516,85.57327777339962,83.5187412202435,85.15170564997885,165428800
2020-06-17,85.18321228027344,86.10629835837992,85.06207229738494,86.04572836693566,114406400
2020-06-18,85.21715545654297,85.63387739334637,84.60903023062069,85.1396240743936,96820400
2020-06-19,84.73017883300781,86.38737347701915,83.6229572371665,85.92219992455999,264476000
2020-06-22,86.94702911376953,87.08997343752344,85.07662707395669,85.12266086900618,135445200
2020-06-23,88.8028793334961,90.22021867227018,87.77076426941889,88.18991128978877,212155600
2020-06-24,87.2353286743164,89.35043555341034,86.86221543627708,88.4321923624518,192623200
2020-06-25,88.39342498779297,88.4321906709593,86.63205223537432,87.39038973838228,137522400
2020-06-26,85.67747497558594,88.50972868089589,85.52968033530838,88.28925300034977,205256800
2020-06-29,87.65205383300781,87.74654657742667,85.10811395697272,85.58540582946648,130646000
2020-06-30,88.38375091552734,88.66964696675093,87.22080974313869,87.240188892032,140223200
2020-07-01,88.21656799316406,89.00397799978875,88.16811642903573,88.46127316123845,110737200
2020-07-02,88.21656799316406,89.75747265090347,88.10270349025298,89.12270022857078,114041600
2020-07-06,90.57634735107422,91.04394581070402,89.61207063133831,89.64356820317384,118655600
2020-07-07,90.29533386230469,91.7320524889195,90.18388713248098,90.95433575857336,112424400
2020-07-08,92.3983154296875,92.42981301031341,91.18449035546323,91.27171499364255,117092000
2020-07-09,92.79564666748047,93.34319433054527,91.74899550161554,93.28989244541889,125642800
2020-07-10,92.95796966552734,93.01612188144966,91.7804926547122,92.39103546841665,90257200
2020-07-13,92.52914428710938,96.8683794397454,92.31593673037001,94.26144459491981,191649200
2020-07-14,94.06036376953125,94.25175963929699,90.97856198164641,91.91133403395911,170989200
2020-07-15,94.70723724365234,96.18272134953932,93.51037361994408,95.93317328027695,153198000
2020-07-16,93.54187774658203,94.39712579079603,92.94344589283693,93.58064343111674,110577600
2020-07-17,93.35289001464844,94.14756798104436,92.88044113908421,93.99251265271707,92186800
2020-07-20,95.32020568847656,95.45830704424495,93.09607736485056,93.44011817142827,90318000
2020-07-21,94.00462341308594,96.18514302833793,93.75507535287011,96.11003683309417,103433200
2020-07-22,94.26871490478516,94.94952104533722,93.61940634409747,93.7066235863698,89001600
2020-07-23,89.97794342041016,94.0797418561393,89.16872914510222,94.00221048521436,197004400
2020-07-24,89.75505828857422,90.09909918615199,86.39221027249204,88.17782031323753,185438800
2020-07-27,91.88226318359375,91.97433076494785,90.59333922603253,90.81623268150157,121214000
2020-07-28,90.37284851074219,91.63028207050725,90.36799817960483,91.45341504133539,103625600
2020-07-29,92.10515594482422,92.28929109136294,90.81864987240843,90.85499038980474,90329200
2020-07-30,93.21965789794922,93.32383652649061,90.87196403764284,91.27899267505967,158130000
2020-07-31,102.97871398925781,103.12892643647227,97.71154070173587,99.70793333118701,374336800
2020-08-03,105.57351684570312,108.19013805785316,104.56078815454649,104.85878784183842,308151200
2020-08-04,106.27854919433594,107.36880923031337,105.04049450870605,105.76249159429877,173071600
2020-08-05,106.66377258300781,106.98358396526419,105.53474686841106,105.99992773294753,121776800
2020-08-06,110.38519287109375,110.87944616652167,106.40695920907454,106.99569786453769,202428800
2020-08-07,107.87550354003906,110.363351174005,107.07939259345517,109.90704232526846,198045600
2020-08-10,109.44344329833984,110.46042737696229,106.79540187658976,109.31965534861051,212403600
2020-08-11,106.18859100341797,109.20555879410144,105.92888227171025,108.70799235910816,187902400
2020-08-12,109.71772003173828,109.97499928394977,107.08424089381839,107.27841139872632,165598000
2020-08-13,111.65945434570312,112.66187605488997,110.60848630688241,111.096349513322,210082000
2020-08-14,111.5599365234375,111.64974056440289,109.75169319709691,111.48469489954057,165565200
2020-08-17,111.26866912841797,112.70555595050736,110.64246299694389,112.68128278727484,119561600
2020-08-18,112.19583129882812,112.6205856628583,110.68613263439002,111.02108297516577,105633600
2020-08-19,112.33662414550781,113.74923783578949,112.24196843606359,112.60361413274605,145538000
2020-08-20,114.82933044433594,114.94340764743272,112.3608970952543,112.37788905057565,126907200
2020-08-21,120.74678802490234,121.2297922134029,115.7759439895592,115.78807686989234,338054800
2020-08-24,122.19093322753906,125.03315266970756,120.32686973134855,124.94819288976294,345937600
2020-08-25,121.1884994506836,121.53316057768988,119.46763816827539,121.06471891526844,211495600
2020-08-26,122.8365707397461,123.29287960664668,121.43851930194522,122.50404983764719,163022400
2020-08-27,121.3681411743164,123.77103661532279,120.22493942657042,123.43851570109679,155552400
2020-08-28,121.1715087890625,122.75887130249573,120.94820607750371,122.34139811689965,187630000
2020-08-31,125.28070831298828,127.18361471555613,122.32927827603109,123.86325036863211,225702700
2020-09-01,130.27093505859375,130.87288270975856,126.72727621370097,128.8923056104839,151948100
2020-09-02,127.57196807861328,133.96027723036116,123.30015752319882,133.58163954392333,200119000
2020-09-03,117.35843658447266,125.08653940539764,116.98950967695433,123.2127726268104,257599600
2020-09-04,117.43611145019531,120.09628586271513,107.65947772486805,116.57204011831335,332607200
2020-09-08,109.53324127197266,115.52349034053138,109.3973204514996,110.63031858211357,231366600
2020-09-09,113.90215301513672,115.66913123084257,111.90216871799983,113.8439033465614,176940500
2020-09-10,110.1837387084961,116.98952122909824,109.22258206036143,116.85360038621577,182274400
2020-09-11,108.73715209960938,111.87305715590524,106.79541724068777,111.2322810970384,180860300
2020-09-14,111.9992446899414,112.55263871695288,109.51382694155708,111.37789025284532,140150100
2020-09-15,112.17399597167969,115.36814991421778,110.300221999526,114.88271631943319,184642000
2020-09-16,108.86332702636719,112.62058543101998,108.77595254136814,111.87302101100224,154679000
2020-09-17,107.12549591064453,108.9313097079175,105.54298485481058,106.52356291630672,178011000
2020-09-18,103.72744750976562,107.64975186458288,102.99929711385688,107.18373975919344,287104900
2020-09-21,106.8730697631836,106.97986575435861,100.0964130289504,101.49446425369291,195713800
2020-09-22,108.55266571044922,109.57207929386054,105.97987340331184,109.39732289119372,183055400
2020-09-23,103.99930572509766,108.84393137946276,103.65949625131259,108.36820848614498,150718700
2020-09-24,105.0672607421875,107.03812018263172,101.94106684060164,102.10611250444195,167743300
2020-09-25,109.00898742675781,109.16432976181966,104.53328824582925,105.27114952311253,149981400
2020-09-28,111.61088562011719,111.96039838338362,109.49439495683866,111.6594319400097,137672400
2020-09-29,110.76624298095703,111.95070223231198,110.26139526105185,111.21284844222973,99382200
2020-09-30,112.43612670898438,113.84388857632474,110.30993260341256,110.47497824771594,142675200
2020-10-01,113.38761138916016,114.29051842202628,112.45557951767428,114.21284724761975,116120400
2020-10-02,109.7274169921875,112.00896103141628,108.95072761058432,109.60120691204848,144712000
2020-10-05,113.10604095458984,113.25167253166546,110.24198536966455,110.59149819179417,106243800
2020-10-06,109.86337280273438,112.73713979097334,108.97987979860987,112.32936980061437,161498200
2020-10-07,111.72740936279297,112.18371817362878,110.80508099423795,111.28081129884058,96849000
2020-10-08,111.62062072753906,113.0089613382161,111.25168639294162,112.86332975388186,83477200
2020-10-09,113.56234741210938,113.59147224549314,111.57206651675105,111.92157933161523,100506900
2020-10-12,120.77589416503906,121.53316947743221,115.80505089927543,116.56232621166858,240226800
2020-10-13,117.572021484375,121.73704283997935,116.16426694681041,121.62053610441286,262330500
2020-10-14,117.65940856933594,119.4458008172495,116.1351472290792,117.47494141501437,150712000
2020-10-15,117.19338989257812,117.66911279151616,114.70797199610067,115.26136605608602,112559200
2020-10-16,115.5526351928711,118.00893594757436,115.34875392683747,117.74679760043794,115393800
2020-10-19,112.60120391845703,116.91185012257559,112.29052664782569,116.46525200898868,120639300
2020-10-20,114.08661651611328,115.513792607474,112.2613812832418,112.81477533834804,124423700
2020-10-21,113.46526336669922,115.25165563302974,113.05749347361974,113.27108546353527,89946000
2020-10-22,112.37789154052734,114.60117857735534,111.25168190141596,114.02836301066806,101988000
2020-10-23,111.68858337402344,113.15459517987493,110.95072209723901,112.99925284491812,82572600
2020-10-26,111.69828033447266,113.15458121285103,109.591492767667,110.6885775032748,111850700
2020-10-27,113.20313262939453,113.86332273009963,111.20314823922772,112.12546926784462,92276800
2020-10-28,107.96045684814453,112.06722939685507,107.86337158513633,111.69830243457162,143937800
2020-10-29,111.96039581298828,113.52349246639734,108.93128773659785,109.09634077616603,146129200
2020-10-30,105.68862915039062,108.7274415434045,104.58184087142044,107.82453453612558,190272600
2020-11-02,105.60124206542969,107.45560232371076,104.19348732192323,105.93134082759394,122866900
2020-11-03,107.22260284423828,108.24200921576619,105.56242040449504,106.46532742335162,107624400
2020-11-04,111.60121154785156,112.22256612959036,109.07695763364633,110.81481127564828,138235500
2020-11-05,115.56231689453125,116.13513237076141,113.46524768018678,114.51377858379472,126387100
2020-11-06,115.43101501464844,115.92700610374652,112.94130239173283,115.07117179518893,114457900
2020-11-09,113.1261215209961,118.64043465344767,112.86353836131654,117.19134868504119,154515300
2020-11-10,112.78572082519531,114.36123445028848,110.99623930767311,112.37725487942362,138023400
2020-11-11,116.20907592773438,116.34523125447596,113.24282640096855,113.97223311704505,112295000
2020-11-12,115.93677520751953,117.22053084100786,115.31434868339849,116.33552114136147,103162300
2020-11-13,115.98540496826172,116.38414348107418,114.633571669367,116.16046289142338,81581900
2020-11-16,116.99683380126953,117.66788289766848,114.90586651270257,115.65472076865481,91183000
2020-11-17,116.11182403564453,117.35667698637204,115.69363055189307,116.26743436443991,74271000
2020-11-18,114.78917694091797,116.53002870692607,114.76000185644509,115.35325330709236,76322100
2020-11-19,115.38240814208984,115.79087409284412,113.60265410249275,114.36123584529591,74113000
2020-11-20,114.11811065673828,115.50884645150772,114.0694879933699,115.3824186228592,73604300
2020-11-23,110.72392272949219,114.39041080457727,110.6266699980908,113.96248988252185,127959300
2020-11-24,112.00769805908203,112.66902713847026,109.49853707376413,110.78230006896696,113874200
2020-11-25,112.84407043457031,113.54430200672213,112.00768354782322,112.37725433307455,76499200
2020-11-27,113.38870239257812,114.26399194036229,113.02886649286769,113.36925481147574,46691300
2020-11-30,115.78117370605469,117.6484533013128,113.60267342501068,113.75828376790362,169410200
2020-12-01,119.35040283203125,120.07980962174469,116.71481385558914,117.68735624187373,127728200
2020-12-02,119.70050811767578,119.98254627518949,117.57063810536371,118.66960823368215,89004200
2020-12-03,119.5643539428711,120.38128592155832,118.85439479194712,120.12842284343223,78967600
2020-12-04,118.8932876586914,119.4865390127896,118.18332856578574,119.23367595532766,78260400
2020-12-07,120.35208892822266,121.14957318028407,118.89327572909268,118.95162588268744,86712000
2020-12-08,120.96479797363281,121.54832923828494,119.71021762648395,120.95507789382133,82225500
2020-12-09,118.43620300292969,122.49170271232049,117.67762117756554,121.1106943933289,115089200
2020-12-10,119.8561019897461,120.46880834155796,116.85095006957522,117.19133836507719,81312200
2020-12-11,119.04891204833984,119.38930038520903,117.23998269251022,119.06835963048555,86939800
2020-12-14,118.43620300292969,119.96309415447033,118.20279492279666,119.23368741163418,79184500
2020-12-15,124.36872100830078,124.38817601169539,120.72168696233577,120.92591997852064,157243700
2020-12-16,124.30062866210938,124.84524997430788,123.08495079030278,123.91161767905837,98208600
2020-12-17,125.16617584228516,126.02201771109635,124.52429444067675,125.36068131070151,94359800
2020-12-18,123.18220520019531,125.5552106694522,122.65703149372492,125.41905534776451,192541500
2020-12-21,124.7090835571289,124.78688871478423,120.06033297589273,121.58722395031434,121251600
2020-12-22,128.25888061523438,130.71941139606707,126.09010064650239,127.99629004452623,168904800
2020-12-23,127.36414337158203,128.79376686890285,127.18907804467862,128.53119113827395,88223700
2020-12-24,128.3463897705078,129.79548292817182,127.50028284184114,127.71424330377316,54930100
2020-12-28,132.9368133544922,133.56895993255333,129.84412103088945,130.3109520335808,124486200
2020-12-29,131.16676330566406,134.979126993658,130.65131712079605,134.2594552546887,121047300
2020-12-30,130.04833984375,132.25601471943688,129.73711922699422,131.85726886914946,96452100
2020-12-31,129.04660034179688,131.04031440956527,128.10323341470374,130.39843312807264,99116600
2021-01-04,125.85670471191406,129.94137947234472,123.27946608977872,129.85385422543547,143301900
2021-01-05,127.41277313232422,128.12273976147537,124.9036119861187,125.35098801490136,97664900
2021-01-06,123.12386322021484,127.4516812419368,122.90990271047859,124.21311335164054,155088000
2021-01-07,127.32527160644531,128.01578336133306,124.34929371374605,124.83556499921514,109578200
2021-01-08,128.42420959472656,128.98828589154797,126.65417554196101,128.79376556588605,105158200
2021-01-11,125.43849182128906,126.595819441527,124.97167570919714,125.64273221772613,100384500
2021-01-12,125.26346588134766,126.12902803614703,123.37673122396438,124.9717001892066,91951100
2021-01-13,127.29603576660156,127.84065697204407,124.96194064618656,125.22451633035823,88636800
2021-01-14,125.37041473388672,127.40302430824103,125.22452450445344,127.2085188421458,90221800
2021-01-15,123.64901733398438,126.64444915422231,123.5128620166925,125.24398598218208,111598500
2021-01-19,124.32009887695312,125.17594095218084,123.45453671989587,124.27146878816617,90757300
2021-01-20,128.40476989746094,128.85214592405728,125.02032655299224,125.12730680892926,104319500
2021-01-21,133.11184692382812,135.83496806730975,129.92190967683482,130.1261500695179,120150900
2021-01-22,135.25144958496094,136.0100313065284,131.31265074462775,132.53804856258682,114459400
2021-01-25,138.99574279785156,141.10615779384105,132.79091821695442,139.14163304575837,157611700
2021-01-26,139.22914123535156,140.33783872046894,137.48828243304504,139.6570621664172,98390600
2021-01-27,138.15936279296875,140.33786298237393,136.5546738638665,139.49174105337266,140843800
2021-01-28,133.32582092285156,138.09128711738055,132.94653001780165,135.68910643879175,142621100
2021-01-29,128.33670043945312,132.98545188101477,126.63475125528835,132.1004347436925,177523800
2021-02-01,130.45681762695312,131.66277536673383,127.3349504556567,130.07752674070377,106239800
2021-02-02,131.283447265625,132.56719496294366,130.91387656436356,132.00311883358094,83305400
2021-02-03,130.26229858398438,132.0420525079875,129.94135789213308,132.03231758895785,89880900
2021-02-04,133.61758422851562,133.6273043090521,130.8944628567243,132.55751669715318,84183100
2021-02-05,133.20361328125,133.84645384942093,132.32702331519238,133.77828189570104,75693800
2021-02-08,133.34971618652344,133.39841892980013,131.41145995524053,132.49259546322395,71297200
2021-02-09,132.47314453125,134.2945265238743,132.31731652057164,133.06728247906966,76774200
2021-02-10,131.8692626953125,133.42766158836056,130.90500170826476,132.93091432442992,73046600
2021-02-11,131.61602783203125,132.84325691578465,130.291393245221,132.3659937299951,64280000
2021-02-12,131.84976196289062,132.00560480490336,130.2134567077312,130.85629728454018,60145100
2021-02-16,129.7264862060547,132.4731462786685,129.33687901923372,131.96667922879305,80576300
2021-02-17,127.43758392333984,128.78170264078364,126.10321467381557,127.83692569620267,97918500
2021-02-18,126.33696746826172,126.61941963432317,124.09677476387137,125.84022023340577,96856700
2021-02-19,126.4927978515625,127.31096541209789,125.45063033694109,126.85318631272438,87668800
2021-02-22,122.72344207763672,126.34670679460257,122.33384236261952,124.68116782712916,103916400
2021-02-23,122.58708190917969,123.4149766498793,115.31133387912055,120.54169271715817,158273000
2021-02-24,122.09033203125,122.29487019049711,119.05147088701199,121.69099774824254,111039900
2021-02-25,117.84371948242188,123.17147632846172,117.40542445743719,121.43776543888308,148199500
2021-02-26,118.10670471191406,121.6033452358005,118.04825992472897,119.40211317040608,164560400
2021-03-01,124.4668960571289,124.60325484384613,119.5969181572381,120.53195302229754,116307900
2021-03-02,121.86632537841797,125.37270785746594,121.75918527388905,125.07077161615514,102260900
2021-03-03,118.88590240478516,122.44098788620711,118.67162218049718,121.56439034639122,112966300
2021-03-04,117.0060806274414,120.38584631369558,115.53535272389263,118.58395606502583,178155000
2021-03-05,118.26252746582031,118.76900926850234,114.51264641529035,117.83397451469976,153766600
2021-03-08,113.3341064453125,117.85344455096923,113.18800564768664,117.78526516954318,154376600
2021-03-09,117.94113159179688,118.88590857647793,115.700946019303,115.93470289838993,129525800
2021-03-10,116.8599853515625,118.99303047984385,116.34376148572666,118.52551679323263,111943300
2021-03-11,118.78849792480469,120.00599237807343,118.10670400337277,119.35341713456053,103026500
2021-03-12,117.88268280029297,118.01904158578925,116.06131583787986,117.2690682655597,88105100
2021-03-15,120.76569366455078,120.77543569972144,117.28853020817765,118.25279105319385,92403800
2021-03-16,122.30461120605469,123.91170522216095,121.47671654048351,122.43122794234345,115227900
2021-03-17,121.51569366455078,122.58708734300565,119.15861865475401,120.82415767726631,111932600
2021-03-18,117.39567565917969,119.97676520351848,117.1911374972353,119.68456358302885,121229700
2021-03-19,116.8697280883789,118.27228410779664,116.56779183514182,116.7820720526636,185549500
2021-03-22,120.18130493164062,120.6488260443175,117.13270167198472,117.20088106018801,111912300
2021-03-23,119.35340118408203,121.00919044684802,118.96380152490315,120.12285846743659,95467100
2021-03-24,116.96711730957031,119.70404974763237,116.94764066899515,119.62612832333967,88530500
2021-03-25,117.45413208007812,118.49631456122934,115.90548256064227,116.43144110431777,98844700
2021-03-26,118.05799865722656,118.32098161470867,115.82754797615723,117.22036189731419,94071200
2021-03-29,118.23332977294922,119.39238695881983,117.59049651669116,118.48657071923124,80819200
2021-03-30,116.78206634521484,117.26906411360106,115.76911009525196,116.98660451621751,85671900
2021-03-31,118.97355651855469,120.30792565051348,117.9995609800172,118.48655874928595,118323800
2021-04-01,119.80146026611328,120.9507753854183,119.30472042335516,120.44430093685868,75089100
2021-04-05,122.62604522705078,122.87928615898178,119.86963594729222,120.6488353850815,88651200
2021-04-06,122.927978515625,123.82405264578033,122.38254338092113,123.21043811923847,80171300
2021-04-07,124.57403564453125,124.59351228641088,121.88580577435263,122.55786509964642,83466700
2021-04-08,126.97007751464844,126.9992961961062,125.17792902926334,125.59674003815452,88844600
2021-04-09,129.5414276123047,129.58038090088027,126.10322399320837,126.4246443564377,106686700
2021-04-12,127.82718658447266,129.39532007888374,127.23304868008105,129.07389975073812,91420000
2021-04-13,130.9342041015625,131.15823376064404,128.49921542278324,128.99596262492872,91266500
2021-04-14,128.59664916992188,131.48941754486856,128.2362755221187,131.43098018165665,87222800
2021-04-15,131.00238037109375,131.48937806764056,130.16474373855363,130.3400706375454,89347100
2021-04-16,130.67124938964844,131.16798178060714,129.81412853121648,130.8076081751269,84922400
2021-04-19,131.33358764648438,131.9472097448359,129.87259397383497,130.0381714732957,94264200
2021-04-20,129.6485595703125,132.0056272235911,128.38236227240412,131.50889480005515,94812300
2021-04-21,130.02841186523438,130.27191076385841,127.88562452974153,128.9180574819885,68847100
2021-04-22,128.5089874267578,130.66150947358742,127.99277092528317,129.58037371612286,84566500
2021-04-23,130.8270721435547,131.6062565911259,128.72323846633472,128.72323846633472,78657500
2021-04-26,131.2166748046875,131.54782970744535,130.0868364590517,131.32381490404939,66905100
2021-04-27,130.89524841308594,131.88872793710226,130.62253087504087,131.49912083847275,66015800
2021-04-28,130.1063232421875,131.5088791677975,129.61932548257246,130.81733580986761,107760100
2021-04-29,130.0089111328125,133.5055661641117,129.0056969879915,132.92116293750138,151101000
2021-04-30,128.0414581298828,130.08683981317637,127.66160046998598,128.3531289693404,109839500
2021-05-03,129.0933837890625,130.58361088598772,128.40185516343865,128.6063859381181,75135100
2021-05-04,124.52532958984375,128.07068022860358,123.40523322106765,127.77847859118502,137564700
2021-05-05,124.76883697509766,127.05771762012843,124.64221279666873,125.84022317213565,84000900
2021-05-06,126.36620330810547,126.37593791446682,123.82406658932013,124.56430537762937,78128300
2021-05-07,127.03939819335938,128.06381882504127,126.3271629457147,127.66381362314827,78973300
2021-05-10,123.76119232177734,126.38568557584613,123.72216543128324,126.25886120807223,88071200
2021-05-11,122.8440933227539,123.19532046962064,119.78054551827158,120.4927732833166,126142800
2021-05-12,119.78054809570312,121.60501628867115,119.27321336720668,120.39521236408822,112172300
2021-05-13,121.9269790649414,123.0782463378904,121.23426847309511,121.5464761686261,105861300
2021-05-14,124.34659576416016,124.7758841676664,122.7855571745272,123.17581868284023,81918000
2021-05-17,123.19532012939453,123.83925269137897,122.12210663637244,123.7319305977149,74244600
2021-05-18,121.80989074707031,123.89778097564653,121.7415955505699,123.47825121325309,63342900
2021-05-19,121.65380096435547,121.87819629608094,119.86835967667767,120.16105765432343,92612000
2021-05-20,124.20999145507812,124.61001150333645,122.05380598133526,122.1806452374261,76857100
2021-05-21,122.37577056884766,124.88319058200729,122.16112639405591,124.70757329750661,79295400
2021-05-24,124.0051040649414,124.82465387319235,122.87335402183648,122.94164921888921,63092900
2021-05-25,123.80998229980469,125.19541091008112,123.24410353248182,124.7075784829674,72009500
2021-05-26,123.76119232177734,124.28804417802037,123.34166255348855,123.86851440973157,56575900
2021-05-27,122.22943115234375,124.5319657543007,122.03430412924318,123.36118872845968,94625600
2021-05-28,121.57574462890625,122.73677048730885,121.51720801205188,122.51236771666937,71311100
2021-06-01,121.2537841796875,122.2977294109628,120.92206674340329,122.03430717883234,67637100
2021-06-02,122.01478576660156,122.19040306312083,121.02938463288338,121.253779962891,59278900
2021-06-03,120.53179931640625,121.80989840712398,120.13177925202119,121.64403969713835,76229200
2021-06-04,122.82459259033203,123.08802229025616,120.83426545911946,121.04890967576293,75169300
2021-06-07,122.83433532714844,123.24410653680496,121.7903901347652,123.09775754946514,71057600
2021-06-08,123.65386962890625,125.33199613747028,123.13677635872094,123.51727923465421,74403800
2021-06-09,124.03438568115234,124.63929137968418,123.43923856713752,124.11243947005046,56877900
2021-06-10,123.03922271728516,125.06857651400928,122.87336400291547,123.9270603510902,71186400
2021-06-11,124.24903106689453,124.33684344114933,123.02946851727127,123.44899833208643,53522400
2021-06-14,127.30278015136719,127.36131675668122,123.97581824545021,124.70755558634418,96906500
2021-06-15,126.4832534790039,127.41988394107798,126.23934100200125,126.77595142885431,62746300
2021-06-16,126.98090362548828,127.7028903378698,125.33206682465905,127.1955479214059,91815000
2021-06-17,128.58090209960938,129.32240559947226,126.49301177385304,126.63936820067508,96721700
2021-06-18,127.2833023071289,128.30772287123602,127.06865812161917,127.52721480091387,108953300
2021-06-21,129.0784912109375,129.18581330080102,126.063736441913,127.1271913132279,79663300
2021-06-22,130.71755981445312,130.81513075216756,128.4150256244004,128.9126165646152,74783600
2021-06-23,130.44436645507812,131.0492794134617,129.98580988913096,130.5126690823285,60214200
2021-06-24,130.16148376464844,131.36152922245495,129.69316099657445,131.1761533209972,68711000
2021-06-25,129.8687744140625,130.6297802366699,129.5760764313894,130.21025787505408,70783700
2021-06-28,131.4981231689453,131.95667992046137,130.10295063063353,130.16148725640332,62111300
2021-06-29,133.0103302001953,133.16643773077968,131.07854789272267,131.51758729616188,64556100
2021-06-30,133.6250457763672,134.0640853489463,132.56157584088896,132.8542738516881,63261400
2021-07-01,133.92747497558594,133.98601159157678,132.4542339993765,133.27379128495963,52485800
2021-07-02,136.552001953125,136.59102140885628,134.39580856478537,134.54215013282746,78852600
2021-07-06,138.5618438720703,139.66431846121773,136.65932898286508,136.65932898286508,108181800
2021-07-07,141.0497283935547,141.3619286538461,139.1862333107396,140.04479519196917,104911600
2021-07-08,139.75210571289062,140.55213093920304,137.24467816832617,138.13252320539087,105575500
2021-07-09,141.5765380859375,142.1033824089943,139.1764331121068,139.2740040435633,99890800
2021-07-12,140.98143005371094,142.75712026323748,140.49360503622404,142.64979816390084,76299700
2021-07-13,142.09365844726562,143.86934850619764,140.1326074026889,140.5228614286861,100827100
2021-07-14,145.51824951171875,145.9280357757245,144.084042249429,144.49382851343478,127050800
2021-07-15,144.86448669433594,146.34747864637848,143.50833398770226,145.6059901139749,106820300
2021-07-16,142.8253936767578,146.1133292004128,142.32781756831105,144.8449961921481,93251400
2021-07-19,138.98133850097656,140.56190161268026,138.2203326975493,140.24968646910114,121434600
2021-07-20,142.59121704101562,143.51809629152285,139.4789065811411,139.96673149730913,96350000
2021-07-21,141.85951232910156,142.57174758950413,141.10827250404336,141.98635160042446,74993500
2021-07-22,143.2254180908203,144.59132208932277,142.25951926436974,142.38635852395822,77338200
2021-07-23,144.9425506591797,145.09865822031367,143.34248537564744,143.95714959308972,71447400
2021-07-26,145.36212158203125,146.181664137203,144.10352454843763,144.6596522812441,72434100
2021-07-27,143.19613647460938,145.57672455410125,142.00584243486344,145.48890475095865,104818600
2021-07-28,141.4497528076172,143.39130194121526,139.06916408946387,141.2838940706625,118931200
2021-07-29,142.09365844726562,142.98150347673163,141.05947187985987,141.16679397009463,56699500
2021-07-30,142.3083038330078,142.76686050541852,140.60091640214495,140.86434605990442,70440600
2021-08-02,141.97657775878906,143.37174997131473,141.71314811709883,142.7961201026742,62880000
2021-08-03,143.7717742919922,144.43520909857267,141.64484970305608,142.2595139229218,64786600
2021-08-04,143.37176513671875,144.19130756729243,142.71808142038705,143.68398028393023,56368300
2021-08-05,143.47909545898438,144.2401013148973,142.61076750096896,143.40104166770632,46397700
2021-08-06,142.7951202392578,143.74291989384258,142.29679858037488,143.000320280882,54126800
2021-08-09,142.74624633789062,143.34228507821692,142.18930041536296,142.8537292225246,48908700
2021-08-10,142.26747131347656,144.32917762337323,141.97433481779836,143.08824157374232,69023100
2021-08-11,142.52154541015625,143.3618622586966,142.19909668704307,142.7071990606952,48493500
2021-08-12,145.48219299316406,145.63853447846216,142.50199865892714,142.8439937943236,72282600
2021-08-13,145.68736267089844,146.01957707570978,144.8763581583002,145.56033337689462,59375000
2021-08-16,147.66111755371094,147.72952253031957,143.1175540441941,145.1401675406519,103296000
2021-08-17,146.75241088867188,148.20829780218608,145.67758203815535,146.79148879708086,92229700
2021-08-18,143.01007080078125,147.2702784625577,142.8048707810112,146.37133747643588,86326000
2021-08-19,143.34231567382812,144.61256415166383,141.19267243186096,141.71054055666755,86960300
2021-08-20,144.79818725585938,145.10108950161558,143.42045616108942,144.06535347049768,60549600
2021-08-23,146.28341674804688,146.7524262457425,144.50506608373868,144.91545125791524,60131800
2021-08-24,146.1954345703125,147.40705833624506,145.73619092005404,146.02932738546966,48606400
2021-08-25,144.9643096923828,146.8794554129226,144.41712946066949,146.3811188443998,58991300
2021-08-26,144.16307067871094,145.70690913613237,144.13375851701343,144.95454377317253,48597200
2021-08-27,145.19883728027344,145.34539810446006,143.46934500714787,144.10446179134948,55802400
2021-08-30,149.6153564453125,149.97689795560206,145.20858752404757,145.58966053577964,90956700
2021-08-31,148.35487365722656,149.3026732146875,147.8272249811444,149.16587817080352,86453100
2021-09-01,149.019287109375,151.43275399237308,148.85317992388826,149.3319699829077,80313700
2021-09-02,150.13319396972656,151.1787105563669,148.91180444862712,150.34815971820325,71115500
2021-09-03,150.76832580566406,151.09077442910467,149.58601418638187,150.24067718201943,57808700
2021-09-07,153.1035919189453,153.66053767950982,150.85623265439787,151.4229590713385,82278300
2021-09-08,151.55979919433594,153.44561765373206,150.4556581818044,153.38699333617137,74420200
2021-09-09,150.54360961914062,152.53691096459315,150.4263460744376,151.93110647020356,57305700
2021-09-10,145.56033325195312,151.9213251437336,145.2965089144569,151.45231569560596,140893200
2021-09-13,146.12705993652344,147.95425407222461,145.34536758274155,147.18234237769772,102404300
2021-09-14,144.72979736328125,147.61228914708835,143.54750041568678,146.90876744705565,109296300
2021-09-15,145.61895751953125,146.0195769004921,143.01983678244974,145.15971382126716,83281300
2021-09-16,145.38446044921875,145.56034832894838,143.85040265204483,145.0424802595639,68034100
2021-09-17,142.7169647216797,145.41380316434896,142.42382816362286,145.41380316434896,129868800
2021-09-20,139.66839599609375,141.52490288983836,138.03662069464434,140.5087129385305,123478900
2021-09-21,140.1471405029297,141.29037444715544,139.51202378684255,140.6356964105484,75834000
2021-09-22,142.5117950439453,143.07850689897464,140.41099524101992,141.14382926097258,76404300
2021-09-23,143.4693145751953,143.71359250338787,142.30654925147212,143.29342671393508,64838200
2021-09-24,143.55726623535156,144.09468071612673,142.22839356904527,142.32611071447462,53477900
2021-09-27,142.04270935058594,142.61921652920344,140.52819828937186,142.1404264749726,74150700
2021-09-28,138.66195678710938,141.43695107445913,138.4469909709511,139.9712831876772,108972300
2021-09-29,139.56088256835938,141.14379894035906,138.77919013309102,139.2091217179658,74602000
2021-09-30,138.26132202148438,141.07540882378817,138.04635622911155,140.37188712321222,89056700
2021-10-01,139.3849639892578,139.64878829633227,135.9259954801677,138.65213028813756,94639600
2021-10-04,135.95535278320312,138.95509355251514,135.1052701786628,138.51538125819243,98322000
2021-10-05,137.8802490234375,138.98439014714222,136.1703033445533,136.29733265175278,80861100
2021-10-06,138.74984741210938,138.8964081885175,135.20292752763442,136.27775625309343,83221100
2021-10-07,140.01031494140625,140.91903648455812,139.453369081024,139.78558344753552,61732700
2021-10-08,139.6292266845703,140.87992820552267,139.29701235452882,140.73336744507444,58773200
2021-10-11,139.5413360595703,141.49555969160025,138.56422424355534,139.0137022391212,64452200
2021-10-12,138.27108764648438,139.97126757292082,137.8118439004276,139.9517211619384,73035900
2021-10-13,137.684814453125,138.16358964828814,136.0139468710265,138.00726310614547,78762700
2021-10-14,140.46957397460938,140.58683751822448,138.27107262847971,138.8573456179309,69907100
2021-10-15,141.52487182617188,141.58349614959462,140.22531132197605,140.4793699361988,67940300
2021-10-18,143.19570922851562,143.4790650348245,139.883301471598,140.16665727790686,85589200
2021-10-19,145.35513305664062,145.75575243725564,143.1957245202807,143.64518755891186,76378900
2021-10-20,145.8436737060547,146.3224637629304,144.7297670657769,145.29649358936246,58418800
2021-10-21,146.05865478515625,146.21499623763387,144.4855043297612,145.40399172614036,61421000
2021-10-22,145.2867431640625,146.74263007605518,145.23788459644618,146.26385487822307,58883400
2021-10-25,145.2378692626953,145.95115656405432,144.24121124480388,145.27694716693773,50720600
2021-10-26,145.90234375,147.38754297777294,145.5994265625498,145.91210950073977,60893400
2021-10-27,145.44308471679688,146.30293288736218,145.09132390307514,145.94140632392705,56094900
2021-10-28,149.07797241210938,149.66423061689264,146.29319748336883,146.39091463893837,100077900
2021-10-29,146.371337890625,146.50813293434493,143.05892977311782,143.85038787675046,124953200
2021-11-01,145.5505828857422,146.2736360885386,144.41712959922393,145.57989504750188,74588300
2021-11-02,146.58631896972656,148.10084526807523,145.24766564186768,145.25744630214584,69122000
2021-11-03,148.02267456054688,148.49168405814817,146.3908996149076,146.9478455977698,54511500
2021-11-04,147.50482177734375,148.94116258076141,147.1921388068415,148.11062639576105,60394600
2021-11-05,148.03318786621094,148.93344079375584,146.83937063089465,148.6300964838691,65463900
2021-11-08,147.21124267578125,148.3169952703634,146.93725326087116,148.16042562432813,55020900
2021-11-09,147.57330322265625,148.17999196283563,146.83939977322487,146.97639448653322,56787900
2021-11-10,144.74533081054688,146.90790623545243,144.67684091878007,146.80026646441542,65187100
2021-11-11,144.69638061523438,146.22289720379737,144.51045604306032,145.76299817171153,41000000
2021-11-12,146.7708740234375,147.1720631299846,144.3147348567186,145.2443426792842,63804000
2021-11-15,146.78067016601562,148.62032601011296,146.22289645235986,147.14272437440852,59222800
2021-11-16,147.75921630859375,148.23870523347338,146.1348398835429,146.72196856987298,59256200
2021-11-17,150.19578552246094,151.67337235529826,147.7494408070529,147.7592208106454,88807000
2021-11-18,154.4817657470703,155.2645990140686,149.7652210699027,150.411059635024,137827700
2021-11-19,157.104248046875,157.5641620110988,153.1705218782956,154.2664794451428,117305600
2021-11-22,157.56417846679688,162.14372871908944,157.54460352782965,158.21000213967926,117467900
2021-11-23,157.94580078125,158.32742995233392,155.64623082003743,157.6620164381372,96041900
2021-11-24,158.46441650390625,158.66012108108276,156.2137765381209,157.29995411244806,69463600
2021-11-26,153.4445037841797,157.00638063396804,153.00416477836077,156.14527755829806,76959800
2021-11-29,156.8009033203125,157.73051124922804,155.38201155737082,155.9495652762871,88748200
2021-11-30,161.75228881835938,161.96756831221649,156.48775108343634,156.55625589116394,174048100
2021-12-01,161.2336883544922,166.64500155872992,160.99883389139347,163.88551760970591,152052500
2021-12-02,160.24534606933594,160.6759050938818,154.4132690949476,155.33309702351337,136739200
2021-12-03,158.36654663085938,161.4195945786872,156.29205136899398,160.49976670029744,118023100
2021-12-06,161.77188110351562,164.27693555746282,160.7541933995356,160.76397340255957,107497000
2021-12-07,167.50607299804688,167.8974970290668,164.7270295686555,165.45115282756737,120405400
2021-12-08,171.3223876953125,172.1835056764081,167.03638765651502,168.43570437579535,116998900
2021-12-09,170.81358337402344,172.9565838887255,170.1873196788355,171.15607763147332,108923700
2021-12-10,175.59860229492188,175.77474686026093,170.9407678198788,171.4496116481563,115402700
2021-12-13,171.96824645996094,178.22110269969062,171.76274694249355,177.2327699190323,153237000
2021-12-14,170.5885009765625,173.92531854630914,168.51400556372403,171.48875398461132,139380400
2021-12-15,175.45181274414062,175.64751729804553,168.6118288401074,171.3517373886768,131063300
2021-12-16,168.5629119873047,177.2523322197485,167.08532532021002,175.43225135839342,150185800
2021-12-17,167.46694946289062,169.74694420568176,166.0480727156741,166.2829122189755,195432700
2021-12-20,166.10679626464844,166.91898445345717,163.8659512088188,164.66834446331637,107499100
2021-12-21,169.27725219726562,169.48273676499653,165.49030091905374,167.87793543850688,91185900
2021-12-22,171.870361328125,172.08564081700152,168.4552593739479,169.32615733120278,92135300
2021-12-23,172.49664306640625,173.05441678226669,171.50832525865067,172.07587897729215,68356600
2021-12-27,176.45970153808594,176.54776634572997,173.26967407814607,173.28923408120028,74919600
2021-12-28,175.44203186035156,177.43825729141835,174.69834852343934,176.29336988152778,79144300
2021-12-29,175.53012084960938,176.75329313798875,174.3167285642682,175.48119097181373,62348900
2021-12-30,174.3754119873047,176.6945564474762,174.26777224500728,175.6181590245021,59773000
2021-12-31,173.7589569091797,175.38331824017646,173.45559766181222,174.2677857929612,64062300
2022-01-03,178.10365295410156,178.95499096160628,173.895952516217,174.01337226981713,104487900
2022-01-04,175.84327697753906,179.01374549739828,175.27572314138067,178.7104011040544,99310400
2022-01-05,171.16583251953125,176.3031560396219,170.89184312629723,175.7551772531539,94537600
2022-01-06,168.30848693847656,171.53766438344002,167.95621276391145,168.99346035254746,96904000
2022-01-07,168.474853515625,170.40257420223315,167.35932100577125,169.17940193566972,86709100
2022-01-10,168.49441528320312,168.79775959259328,164.5606894006289,165.45116232460057,106765600
2022-01-11,171.3223876953125,171.4202325096092,167.15382233749222,168.62162893365016,76138300
2022-01-12,171.76275634765625,173.3773379097134,171.06800280036754,172.3400901249927,74805200
2022-01-13,168.49441528320312,172.82933029006384,168.10299122971512,172.0073621746904,84505800
2022-01-14,169.35556030273438,170.05031384521072,167.41804452412237,167.66267899736397,80440800
2022-01-18,166.15570068359375,168.836884364845,165.7740715864879,167.82899175117316,90956700
2022-01-19,162.66233825683594,167.40825267441707,162.37856885772902,166.35143003303915,94815000
2022-01-20,160.97923278808594,166.0382709410417,160.6563135530504,163.3962221186515,91420500
2022-01-21,158.92431640625,162.76018251834915,158.81667665863466,160.8911718694381,122848900
2022-01-24,158.1512451171875,158.81665846201457,151.37976658921312,156.58559388643394,162294600
2022-01-25,156.35073852539062,159.26677642977702,153.64998009025078,155.56790544915762,115798400
2022-01-26,156.26271057128906,160.8618354481178,154.43284958250229,159.99093736491258,108275300
2022-01-27,155.80279541015625,160.32363543352318,154.88296745549835,158.96346843901696,121954600
2022-01-28,166.6743621826172,166.6939371213685,159.3059729952558,162.15352186578443,179935700
2022-01-31,171.0288543701172,171.24413390438698,165.8719554140601,166.5080140130585,115541600
2022-02-01,170.8625030517578,171.08756258764447,168.61186289898112,170.27537434014533,86213900
2022-02-02,172.06605529785156,172.10520516503925,169.60993119295432,170.99945285212843,84914300
2022-02-03,169.18914794921875,172.45747493667412,168.42588980272237,170.73523917530864,89418100
2022-02-04,168.9050750732422,170.5805134014752,167.22963674500915,168.20942139418403,82465400
2022-02-07,168.18980407714844,170.4335039135459,167.4941505320522,169.36554243968104,77251200
2022-02-08,171.29571533203125,171.80520742660315,167.96443926792173,168.25837758980256,74829200
2022-02-09,172.71641540527344,173.07893089654075,171.36430797248656,172.49106914991745,71285000
2022-02-10,168.64051818847656,171.93259499604034,168.08204874852603,170.61968723864308,90865900
2022-02-11,165.2308807373047,169.5811269216294,164.64300397443432,168.846288443205,98670700
2022-02-14,165.46600341796875,166.1518495458794,163.19289630795137,163.98651932384257,86185500
2022-02-15,169.29693603515625,169.45370512365702,166.80829029407985,167.5137362420102,62527400
2022-02-16,169.0618438720703,169.8358671652493,166.61238225395954,168.37599760906474,61177400
2022-02-17,165.46600341796875,168.43474911832254,165.06428820364812,167.57253401447812,69589300
2022-02-18,163.91795349121094,167.0924457737123,162.83039207397334,166.3870146722984,82772700
2022-02-22,160.99819946289062,163.32028399061443,158.87205389872815,161.64484588368407,91162800
2022-02-23,156.8341064453125,162.79118283457873,156.5205682404435,162.19351371308113,90009200
2022-02-24,159.4501495361328,159.5579264390306,148.9272576589058,149.49553451506446,141147500
2022-02-25,161.51751708984375,161.78204820003634,157.6179631395797,160.52792495432507,91974200
2022-02-28,161.78201293945312,162.07595128148682,159.14639022474867,159.76365924798694,95056600
2022-03-01,159.90081787109375,163.23209394256236,158.69568719407653,161.37049453342058,83474400
2022-03-02,163.19293212890625,163.97676285442304,159.6559088746692,161.06680119053394,79724800
2022-03-03,162.8695831298828,165.49541352335572,162.203336805619,165.06430592514928,76678400
2022-03-04,159.87142944335938,162.2033212553789,158.82306783943153,161.16475211398938,83737200
2022-03-07,156.07968139648438,161.6840502038395,155.82492784594277,160.05760426701897,96418800
2022-03-08,154.2572784423828,159.58730866544224,152.65043241487155,155.60938587479396,131148300
2022-03-09,159.6558837890625,160.10659124427465,156.1874531828048,158.21559935544633,91454900
2022-03-10,155.31546020507812,157.1476526374479,152.82679892923494,156.96149116992498,105342000
2022-03-11,151.60206604003906,156.06008893270172,151.37671976951566,155.71715834467904,96970100
2022-03-14,147.57513427734375,151.0043799732345,147.06565710961667,148.38835719355112,108732100
2022-03-15,151.95477294921875,152.42508026860065,147.33999637401098,147.84947354452075,92964300
2022-03-16,156.36380004882812,156.76551526978483,151.33751588171134,153.87515407206308,102300200
2022-03-17,157.37298583984375,157.7453087439647,154.44343967423552,155.40362432397723,75615400
2022-03-18,160.6650390625,161.15493125437885,156.53034776701656,157.26518605483486,123511700
2022-03-21,162.03675842285156,162.98715054298916,159.71465909153343,160.20455132045697,95811400
2022-03-22,165.4072265625,165.9950882926474,161.5762655771906,162.164127307338,81532000
2022-03-23,166.7691192626953,169.14998832074127,164.26085849061369,164.59399656875675,98062700
2022-03-24,170.5510711669922,170.6196482982035,166.76910292949728,167.60191066747961,90131400
2022-03-25,171.18797302246094,171.7366500272882,169.25779609098333,170.36495751522006,80546200
2022-03-28,172.0501708984375,172.1775327221898,168.52294058057433,168.6895021580393,90371900
2022-03-29,175.34225463867188,175.39123190730578,172.77520887835874,173.11813946075333,100589400
2022-03-30,174.17630004882812,175.979099995584,173.12792342578476,174.94053078604693,92633200
2022-03-31,171.08018493652344,174.43104638306448,170.87442359799343,174.2448849220912,103049300
2022-04-01,170.7862091064453,171.34469336684182,168.4641249613338,170.51187068214196,78751300
2022-04-04,174.83279418945312,174.88178641730119,170.91365516687074,171.0410319692099,76468400
2022-04-05,171.52108764648438,174.6955950948926,170.89402610794616,173.91176443413826,73401800
2022-04-06,168.35635375976562,170.1199686542609,166.69072328453476,168.87563829115544,89058800
2022-04-07,168.66012573242188,169.85546417791434,166.41642550623965,167.69994098041755,77594700
2022-04-08,166.6515655517578,168.30740398265033,165.7795578216243,168.30740398265033,76575500
2022-04-11,162.3992919921875,165.61298417615765,162.1543458504195,165.29946088886413,72246700
2022-04-12,164.27069091796875,166.43600652884118,163.2713064320056,164.62341397476007,79265200
2022-04-13,166.95529174804688,167.58235330112555,163.39868377604554,164.00614545081112,70618900
2022-04-14,161.94859313964844,167.80771592706967,161.70364698483297,167.17084695435335,75329400
2022-04-18,161.73301696777344,163.23208589340007,160.26334037791807,160.60625594535696,69023900
2022-04-19,164.0159149169922,164.4274375522312,160.59647667199232,161.6840380358106,67723800
2022-04-20,163.849365234375,165.4660187034269,162.74221886501599,165.34843439183405,67929800
2022-04-21,163.05575561523438,168.06245565058305,162.5560708382442,165.49542471534926,87227800
2022-04-22,158.51930236816406,164.47639297111272,158.2351714866705,163.0949084089232,84882400
2022-04-25,159.58731079101562,159.87144172970685,155.2566649146805,157.862880430984,96046400
2022-04-26,153.6302032470703,159.05820246882445,153.55181869779824,158.9700254572649,95623200
2022-04-27,153.40489196777344,156.55978483050606,152.2389458259476,152.75823050166923,88063200
2022-04-28,160.3319549560547,161.194170207573,155.7171628080034,156.03070106321982,130216800
2022-04-29,154.46302795410156,162.84018882642286,154.07112011517893,158.568327600733,131747600
2022-05-02,154.76678466796875,155.0313157503038,150.17159242252777,153.5420538968097,123055300
2022-05-03,156.25604248046875,157.46118829235783,153.15993453329665,154.95292717961667,88966500
2022-05-04,162.66384887695312,163.11454143572888,156.04049519291306,156.44221048032446,108256500
2022-05-05,153.600830078125,160.76305283929582,151.8176149978829,160.53770657596968,130525300
2022-05-06,154.3269500732422,156.44639806349898,151.28514888506098,153.08079107355962,116124600
2022-05-09,149.20494079589844,152.90416000742098,148.6456508199546,152.0210492953049,131577900
2022-05-10,151.60891723632812,153.7970575708187,150.05858149525076,152.599963074193,115366700
2022-05-11,143.74932861328125,152.53128118939546,143.07228159830737,150.61789721596364,142689800
2022-05-12,139.88328552246094,143.45494014257622,136.1938888181264,140.08934914213407,182602000
2022-05-13,144.34786987304688,145.3192870677171,140.42297369266063,141.87518108716213,113990900
2022-05-16,142.80735778808594,144.75019240669823,141.47289233038416,142.81717961196202,86643800
2022-05-17,146.4378662109375,146.95791370140876,143.92592034755194,146.06499632256597,78336300
2022-05-18,138.17596435546875,144.59316242526515,137.27322514239307,144.09274359887067,109742900
2022-05-19,134.7711639404297,139.00023828873597,134.03524571353756,137.2536602280289,136095600
2022-05-20,135.00660705566406,138.05821430560903,130.12011571020568,136.47844306099526,137426100
2022-05-23,140.42298889160156,140.5701665253798,135.06549843768857,135.20286921997902,117726300
2022-05-24,137.72462463378906,139.30439614103204,134.7515166065387,138.16617251433556,104132700
2022-05-25,137.88162231445312,139.12776621000188,135.742545873108,135.8308524536192,92482700
2022-05-26,141.0803985595703,141.62988165478208,134.56507119637524,134.81037721904417,90601500
2022-05-27,146.8303985595703,146.86964094239937,142.5326314835253,142.66019542923442,90978500
2022-05-31,146.0453643798828,147.83119909756292,144.08291654363944,146.27105666109873,103718400
2022-06-01,145.91783142089844,148.89093902040028,144.90715690011942,147.08547543452738,74286600
2022-06-02,148.37091064453125,148.42978169809749,144.10257959347064,145.05436821890447,72348100
2022-06-03,142.65036010742188,145.19172685572278,141.7476357595722,144.14180991397814,88570300
2022-06-06,143.39610290527344,145.7804854788439,142.17937951644433,144.26939183778111,71598400
2022-06-07,145.91783142089844,146.20237980048756,141.39438806442126,141.63969407079793,67808200
2022-06-08,145.18190002441406,147.0560263615052,144.69128805686674,145.79025407304024,53950200
2022-06-09,139.96180725097656,145.17210490927135,139.85387199936835,144.31844471982856,69473000
2022-06-10,134.55528259277344,138.1171163437947,134.4865897104107,137.64613290864105,91437900
2022-06-13,129.40380859375,132.6614640522055,128.97206769596104,130.37521064148712,122207100
2022-06-14,130.2672882080078,131.37607607962988,129.0113227305463,130.63035125622758,84784300
2022-06-15,132.88717651367188,134.7613181921413,129.67858439406757,131.76858160626196,91533000
2022-06-16,127.61799621582031,129.9042500251396,126.61714350302216,129.60007296838003,108123900
2022-06-17,129.08982849121094,130.58129318016776,127.37268647196602,127.62781429709099,134520300
2022-06-21,133.31890869140625,134.48656772231706,130.8167993077871,130.91491273074396,81000500
2022-06-22,132.8086700439453,135.17340842764006,131.3957051346055,132.25917204519908,73409200
2022-06-23,135.67385864257812,135.9878425646897,133.0834276529192,134.25108671150673,72433800
2022-06-24,139.0001983642578,139.24550436943025,137.14568556404583,137.27323450557805,89116800
2022-06-27,139.0001983642578,140.79584011879487,138.32315139441545,140.02066475796738,70207900
2022-06-28,134.8594512939453,140.7271675936439,134.7417091855751,139.46139501178652,67083400
2022-06-29,136.6158447265625,138.0288100068747,134.1039131048046,134.8790886274478,66242400
2022-06-30,134.15298461914062,135.77199869053038,131.2583759906255,134.6730322892134,98964500
2022-07-01,136.32142639160156,136.4293616172376,133.11283508569903,133.4856899787513,71051600
2022-07-05,138.90206909179688,138.95113328697806,134.35899711370092,135.18323666479031,73353800
2022-07-06,140.23654174804688,141.41400763305737,138.43109305954474,138.69602774966668,74064300
2022-07-07,143.6021270751953,143.79836886527636,140.5897624458258,140.59956929502877,66253700
2022-07-08,144.27919006347656,144.7796239540416,142.2774994180926,142.5326123028861,64547800
2022-07-11,142.14993286132812,143.88670373849325,141.08040216848238,142.93491514840724,63141600
2022-07-12,143.12135314941406,145.66272006961017,142.32656399441228,143.02322474684678,77588800
2022-07-13,142.75831604003906,143.70028289937923,139.45158026337106,140.30525550924634,71185600
2022-07-14,145.6823272705078,146.15331059436355,140.56033683517074,141.37475454509644,78140700
2022-07-15,147.3504180908203,148.02746510063992,145.4174054581408,146.96774129904725,76259900
2022-07-18,144.3086395263672,148.7241480973096,143.9455764182645,147.9097302753274,81420900
2022-07-19,148.16485595703125,148.3905333334654,144.1516525247905,145.14268358851726,82982400
2022-07-20,150.1665496826172,150.83378994510406,147.54668278325192,148.28260095629702,64823400
2022-07-21,152.43316650390625,152.64903699884627,149.08718880462706,151.5991200487024,65086600
2022-07-22,151.19680786132812,153.3456908921451,150.52958270466215,152.47240210045547,66675400
2022-07-25,150.07818603515625,152.12894030432363,149.42076784719634,151.11828092871338,53623900
2022-07-26,148.7535858154297,150.21560020375307,147.96860350790257,149.40118236976926,55138700
2022-07-27,153.8461151123047,154.37598449377768,149.3030578563077,149.71517016840275,78620700
2022-07-28,154.39561462402344,154.68016301876492,151.51081343985047,154.0325515340952,81378700
2022-07-29,159.45870971679688,160.5576907977121,156.5052308137223,158.21256599444197,101786900
2022-08-01,158.47750854492188,160.5184565925083,157.86915435741844,157.98689646537588,67829400
2022-08-02,157.0056610107422,159.36060780651525,156.63280603827062,157.0939825576486,59907000
2022-08-03,163.0107879638672,163.46214273028536,157.7317967556544,157.82010334400223,82507500
2022-08-04,162.69676208496094,164.05085610462757,161.3426680652943,162.89300390623217,55474100
2022-08-05,162.4707794189453,162.96207295817032,160.1616937873522,160.36804367078585,56697000
2022-08-08,161.9990997314453,164.88790765782107,161.34076829816232,163.47298010260957,60276900
2022-08-09,162.04823303222656,162.93257025599664,160.40731467514888,161.16391080154307,63135500
2022-08-10,166.2930450439453,166.39129475740782,163.99377985120265,164.76019658442047,70170500
2022-08-11,165.5561065673828,168.01257432763373,165.26132743753485,167.09876052441393,57149200
2022-08-12,169.103271484375,169.17204479537065,166.45027391863346,166.86297375697356,68039400
2022-08-15,170.17425537109375,170.37076978453467,168.36629877849532,168.53333677957454,54091700
2022-08-16,170.01702880859375,170.6851957704937,168.6708894053126,169.77138205657383,56377100
2022-08-17,171.5106201171875,173.08275083711368,169.5651014169735,169.76161588282767,79542000
2022-08-18,171.11753845214844,171.8544787813878,170.1054749327735,170.72450960712317,62290100
2022-08-19,168.53335571289062,170.71470043124475,168.3270058100883,170.01705694310306,70346300
2022-08-22,164.65213012695312,166.9022480242965,164.22960987091767,166.73521001384654,69026800
2022-08-23,164.3180389404297,165.77227866474297,163.74813661491604,164.17065687050786,54147100
2022-08-24,164.61279296875,165.18269520734955,163.35508285359487,164.40645810232692,53841500
2022-08-25,167.06927490234375,167.17736007756102,165.41853585512217,165.84104108991514,51218200
2022-08-26,160.77088928222656,168.0715189036816,160.71193645776907,167.59988131493301,78961000
2022-08-29,158.56988525390625,160.06340660842702,157.03705202563728,158.34387946257124,73314000
2022-08-30,156.14292907714844,159.72936621122975,154.9736479587286,159.30686092942906,77906200
2022-08-31,154.48231506347656,157.78380767810359,154.4037063115704,157.51850501455607,87991100
2022-09-01,155.20945739746094,155.66143904544523,151.97673759886456,153.91243529158203,74229900
2022-09-02,153.0968780517578,157.56765189981036,152.2715085702032,156.9682732301626,76957800
2022-09-06,151.8391876220703,154.3546082697241,151.01381803326322,153.74540904842692,73714800
2022-09-07,153.2442626953125,153.94189101263512,150.9351774352468,152.1241142058328,87449600
2022-09-08,151.7703857421875,153.63729493578492,150.0213671908206,151.9472441951636,84923800
2022-09-09,154.62973022460938,155.07190642293236,152.05535676886382,152.76282069447305,68028800
2022-09-12,160.5841827392578,161.39973173078485,156.5261087123494,156.81105233922636,104956000
2022-09-13,151.1612091064453,157.74454025448654,150.69939192954584,157.11568505512628,122656600
2022-09-14,152.60562133789062,154.36446088777137,150.93522603406518,152.0946717767246,87965400
2022-09-15,149.716796875,152.53683214610933,148.7440452074938,151.95709434204855,90481100
2022-09-16,148.0758514404297,148.71454195841454,145.7864220311532,148.57698038414023,162278800
2022-09-19,151.7900390625,151.8686478234834,146.50373107588743,146.71006595451675,81474200
2022-09-20,154.16790771484375,155.3273682721185,150.41443284470995,150.7288529156578,107689800
2022-09-21,151.04327392578125,155.9758648340084,150.92536828428254,154.600234046477,101696800
2022-09-22,150.08033752441406,151.78020876552435,148.28220159016286,149.7266056194288,86652500
2022-09-23,147.81056213378906,148.8324610577634,145.97312915554878,148.55733788432917,96029900
2022-09-26,148.1446533203125,151.09241446222893,147.03432515906897,147.05398109807987,93339400
2022-09-27,149.11740112304688,152.02586530633175,147.33892101138343,150.08034720002962,84442700
2022-09-28,147.2308349609375,148.01690757279204,142.31789987820665,145.06914652315353,146691400
2022-09-29,139.99899291992188,144.16516723784525,138.2303333041484,143.55596808972413,128138200
2022-09-30,135.7935333251953,140.60821907927374,135.59701890511008,138.8199033723931,124925300
2022-10-03,139.96951293945312,140.57872706512543,135.2924042908768,135.80335372086685,114311700
2022-10-04,143.55593872070312,143.6738443399373,141.74796759829826,142.50456363891553,87830100
2022-10-05,143.85073852539062,144.81368463210958,140.51976901629106,141.56132388640066,79471000
2022-10-06,142.89759826660156,144.97085711790666,142.69126342442033,143.27098606704342,68402200
2022-10-07,137.65061950683594,140.60821619318722,137.02176437961742,140.05795483791823,85925600
2022-10-10,137.97488403320312,139.41928832461434,136.15710682488464,137.97488403320312,74899000
2022-10-11,136.55992126464844,138.88866238055874,135.81316062854552,137.4638994009055,77033700
2022-10-12,135.9311065673828,137.91593686444165,135.7542480720767,136.70735883391194,70433700
2022-10-13,140.50010681152344,141.08964995811803,132.03019750307845,132.63941157890508,113224000
2022-10-14,135.9703826904297,142.00346577520415,135.78368877686898,141.79711592519322,88598000
2022-10-17,139.93017578125,140.41163366948845,137.8274408394283,138.6135131993702,85250900
2022-10-18,141.2469024658203,144.14553155258784,138.1615794221166,142.95660950013638,99136600
2022-10-19,141.35496520996094,142.42598143245377,139.03605931008337,139.22275323737964,61758300
2022-10-20,140.89315795898438,143.34962560942563,140.16603813694184,140.52960554450746,64522000
2022-10-21,144.70559692382812,145.27549920361895,140.1660346242772,140.38220497154572,86548600
2022-10-24,146.84764099121094,147.61405773965313,143.45771845108737,144.62699951406933,75981900
2022-10-25,149.68728637695312,149.83468340940922,146.75918158114587,147.47646582788911,74732300
2022-10-26,146.74937438964844,149.34340346890698,145.4621728259598,148.33134005875115,88194300
2022-10-27,142.27862548828125,146.4546209688135,141.62029388228584,145.49168973842666,109180200
2022-10-28,153.02810668945312,154.75745443354808,145.24601935139384,145.6193922207591,164762400
2022-10-31,150.66990661621094,151.55424402730603,149.27463469355658,150.49304812984573,97943200
2022-11-01,148.0267333984375,152.74315424703352,146.5332118743015,152.3796018355527,80379300
2022-11-02,142.50457763671875,149.520247538893,142.47510122901483,146.35631650525693,93604600
2022-11-03,136.461669921875,140.313408670562,136.33392883040858,139.58628898595558,97918500
2022-11-04,136.19595336914062,140.41823769444377,132.25908536615194,139.84739003185524,140814800
2022-11-07,136.7274169921875,136.95378268582516,133.52871190234,134.94598671425354,83374600
2022-11-08,137.29827880859375,139.19781051108808,135.32000793975288,138.19391993058036,89908500
2022-11-09,132.7413330078125,136.363259132224,132.46575346788492,136.31404528196006,74917800
2022-11-10,144.55194091796875,144.55194091796875,137.298266687944,139.0108096143879,118854000
2022-11-11,147.3372802734375,147.64238513720315,142.0914019190675,143.5185285677149,93979700
2022-11-14,145.93971252441406,147.90814675324938,145.10312196997452,146.61882473623606,73374100
2022-11-15,147.67190551757812,151.16587871608763,146.21526862726066,149.81750629168315,89868300
2022-11-16,146.44161987304688,147.50457588314197,144.96529458424104,146.77626501882386,64218300
2022-11-17,148.3411865234375,149.0891860323431,143.8433076526517,144.11888720950952,80389400
2022-11-18,148.90219116210938,150.2899408094876,147.60303246304494,149.9060967599958,74829600
2022-11-21,145.67393493652344,147.9966873729924,145.3885186493538,147.79001023834212,58724100
2022-11-22,147.8096923828125,148.04590985414606,144.6109873377189,145.79205967642807,51804100
2022-11-23,148.68565368652344,149.43365312101446,146.98294764352303,147.09121210280074,58301400
2022-11-25,145.7723846435547,146.5302359602774,144.79800437919693,145.96922504559745,35195900
2022-11-28,141.9437713623047,144.32557460653223,141.11703271911014,142.84924916455952,69246000
2022-11-29,138.94192504882812,142.52447466230237,138.13487484288268,142.01267756953146,83763800
2022-11-30,145.69366455078125,146.3727767919922,138.3317244213744,139.16829999405587,111380900
2022-12-01,145.96922302246094,146.7762881829984,144.29605710134743,145.87081033178356,71250400
2022-12-02,145.47708129882812,145.6640848917649,143.35116942853068,143.6562892484549,65447400
2022-12-05,144.31573486328125,148.53801893223152,143.4693076933105,145.43774157529282,68826400
2022-12-06,140.6544647216797,144.97517704731527,139.68008441838234,144.74881132681773,64727200
2022-12-07,138.71551513671875,141.10715469937296,137.79034896224212,139.9457861095959,69721100
2022-12-08,140.39852905273438,141.25480793302907,138.8730049343077,140.11311277127444,62128300
2022-12-09,139.9163055419922,143.2724894333561,138.6761823933455,140.09345741010685,76097000
2022-12-12,142.20950317382812,142.21933993621704,138.83363144766497,140.44774653895632,70462700
2022-12-13,143.1740264892578,147.603002317918,141.96344396778542,147.1404191965991,93886200
2022-12-14,140.94972229003906,144.3452679150581,138.9320744491566,143.05594605605327,82291200
2022-12-15,134.34564208984375,139.5619960317231,133.88305882406812,138.88288378971373,98931900
2022-12-16,132.38705444335938,135.47749595050237,131.61936620399007,134.53265581803083,160156900
2022-12-19,130.2808074951172,133.06614357854048,129.24739159594094,132.9775676474043,79592600
2022-12-20,130.2119140625,131.14691722297425,127.83994745250583,129.31627297471567,77432800
2022-12-21,133.3121795654297,134.65071518492888,130.6547968699711,130.8811625578248,85928000
2022-12-22,130.1429901123047,132.43621717922085,128.24345879689446,132.2295400503929,77852100
2022-12-23,129.77886962890625,130.3300288114699,127.5939064280565,128.85370313619094,63814900
2022-12-27,127.97772979736328,129.33595400462013,126.68840798575984,129.30642869732836,69007800
2022-12-28,124.05072021484375,128.9619612841453,123.883405115354,127.62342547026658,85438400
2022-12-29,127.5643539428711,128.4206178463882,125.71402886056813,125.96991984997511,75703700
2022-12-30,127.8792724609375,127.89896100055589,125.41873814605707,126.38327384495967,77034200
2023-01-03,123.09601593017578,128.83399514878522,122.21021915687207,128.2237854341601,112117500
2023-01-04,124.36566162109375,126.62936374107429,123.10586505340991,124.88729543343348,89113600
2023-01-05,123.04680633544922,125.75340309203497,122.79091532129203,125.12350481122068,80962700
2023-01-06,127.57418060302734,128.23360407647718,122.91883920565213,124.0211647576564,87754700
2023-01-09,128.09585571289062,131.30441322455866,127.83996466106093,128.4108124086458,70790800
2023-01-10,128.66668701171875,129.18832083166095,126.09787998496417,128.20410381019116,63896200
2023-01-11,131.3831329345703,131.4028064616691,128.40095662151043,129.1784814447806,69458900
2023-01-12,131.30441284179688,132.14098840377943,129.36550386584642,131.76699610111268,71379600
2023-01-13,132.633056640625,132.7905349401524,129.5819934315568,129.9461488585014,57809700
2023-01-17,133.79443359375,135.12311725700644,132.01300359662682,132.70195234994011,63646600
2023-01-18,133.0759735107422,136.42230495988363,132.8988066595986,134.66056331872014,69672800
2023-01-19,133.13504028320312,134.0995687562006,131.65871475561192,131.96381962844052,58280400
2023-01-20,135.69398498535156,135.84162653742413,132.1015991542997,133.14486670992753,80223600
2023-01-23,138.88287353515625,141.0579999020067,135.72353008280908,135.94005904305521,81760300
2023-01-24,140.28042602539062,140.90048744485267,138.08562666123444,138.0954634232415,66435100
2023-01-25,139.62103271484375,140.18202862963406,136.61916767862735,138.6663409653264,65799300
2023-01-26,141.68788146972656,141.9732977828438,139.6603818984353,140.9103416541343,54105100
2023-01-27,143.62677001953125,144.9062550377642,140.82176076743906,140.90049992434123,70555800
2023-01-30,140.74302673339844,143.2527830109075,140.59540019505755,142.67209860282117,64015300
2023-01-31,142.0126495361328,142.0618633846007,140.03437897857034,140.4477482733763,65874500
2023-02-01,143.13465881347656,144.29604258311244,139.0895417079852,141.69771052689384,77663600
2023-02-02,148.4396209716797,148.79392468833726,145.83143680858885,146.54991104174482,118339000
2023-02-03,152.06153869628906,154.8960886893848,145.496812581912,145.6936529941079,154357300
2023-02-06,149.33523559570312,150.68362304726807,148.40023248441526,150.16198925829823,69858300
2023-02-07,152.2091522216797,152.77999988075524,148.2624474794368,148.2624474794368,83322600
2023-02-08,149.522216796875,152.14023713020924,148.7840541853079,151.45128836300464,64120100
2023-02-09,148.48880004882812,151.89419715713953,148.04590544398496,151.3528748543498,56007100
2023-02-10,148.85354614257812,149.1788354914484,147.08911426452642,147.32569243849323,57450700
2023-02-13,151.65298461914062,152.0571182724141,148.7648180243575,148.79438841262413,62199000
2023-02-14,151.0122528076172,151.57412024796835,148.70567235340334,149.94767374239032,61707600
2023-02-15,153.11181640625,153.27938692145068,150.69680656582565,150.92351784628698,65573800
2023-02-16,151.51499938964844,154.09758049199988,151.16013965459408,151.31784339392544,68167900
2023-02-17,150.37158203125,150.81515300249052,148.69586111717868,150.17444104857563,59144100
2023-02-21,146.35964965820312,149.1393862953431,146.29065710385296,148.05508866222715,58867200
2023-02-22,146.78355407714844,147.80869615626176,145.0585442502877,146.74411685820635,51011300
2023-02-23,147.2665252685547,148.1931042440918,145.1373820304515,147.94667430552937,48394200
2023-02-24,144.61495971679688,145.0881010134071,143.6390916917033,145.00924162382364,55469600
2023-02-27,145.8076934814453,147.03984342133134,145.34440390077674,145.60070071444446,44998500
2023-02-28,145.30494689941406,146.95109701970668,144.7332276594082,144.95008720013072,50547000
2023-03-01,143.23492431640625,145.12750429739225,142.9392054041828,144.73322244168676,55479000
2023-03-02,143.8263702392578,144.61494903595985,141.84506394442167,142.31822024697658,52238100
2023-03-03,148.8732452392578,148.95210462024477,145.2260853537234,145.9259379185379,70732300
2023-03-06,151.63328552246094,154.0680147422593,151.26857399298945,151.59384830577196,87558000
2023-03-07,149.4351348876953,151.83042689733767,148.97184535612897,151.50513754277677,56182000
2023-03-08,150.68698120117188,151.278419098267,149.66183922588297,150.62784041964048,47204800
2023-03-09,148.43951416015625,152.33310365607178,148.08465449485655,151.36710263865677,53833600
2023-03-10,146.37936401367188,148.7845223003039,145.50207415084836,148.06495118697146,68572400
2023-03-13,148.32125854492188,150.9531285889032,145.59081050522525,145.69924028415588,84457100
2023-03-14,150.41098022460938,151.209410853691,147.95654755608294,149.11968969699433,73695900
2023-03-15,150.80528259277344,151.06156433450928,147.77911548729296,149.03098388604963,77167900
2023-03-16,153.62440490722656,154.22569446185167,149.4745187940127,149.98709719489494,76161100
2023-03-17,152.7865447998047,154.50170239485772,152.07682545294745,153.85112382009055,98944600
2023-03-20,155.15228271484375,155.5662982460434,151.94869352566715,152.85556893212473,73641400
2023-03-21,157.00543212890625,157.1237136794573,154.30455474450915,155.07342994575768,73938300
2023-03-22,155.57618713378906,159.82463786522675,155.55646852262672,157.02519671590775,75701800
2023-03-23,156.6604461669922,159.24304236266408,155.428296373163,156.56188320802048,67622100
2023-03-24,157.96160888671875,158.0503200650471,155.5958872192805,156.5914588714899,59196500
2023-03-27,156.01971435546875,158.47416184588545,155.61556566491817,157.6560126824132,52390300
2023-03-28,155.39869689941406,156.22671283698608,153.75254688783264,155.71413440722972,45992200
2023-03-29,158.4741668701172,158.75016719414856,157.074446643704,157.09415020907082,51305700
2023-03-30,160.04144287109375,160.14987263415844,158.96701206310877,159.2232937572216,49501700
2023-03-31,162.54519653320312,162.64377453412575,159.597903820846,160.12033413577524,68749800
2023-04-03,163.79705810546875,163.91533966892132,161.87490749491164,161.92419649331373,56976200
2023-04-04,163.26478576660156,164.4574983782598,162.75220722625122,164.22093523724538,46278300
2023-04-05,161.4214630126953,162.69304993016723,159.48946069965245,162.38747921010668,51511700
2023-04-06,162.30860900878906,162.60432792623257,159.68659100348637,160.1104432538072,45390100
2023-04-10,159.71617126464844,159.71617126464844,157.7940207437735,159.11488161033475,47716900
2023-04-11,158.50372314453125,160.04144339602837,158.21785602238293,160.03159161422226,47644200
2023-04-12,157.81373596191406,159.7457382241708,157.49829842634344,158.9177372546322,50133100
2023-04-13,163.19577026367188,163.43234843413578,159.11489082873655,159.3218986080038,68445600
2023-04-14,162.8507843017578,163.94493394539444,161.48063430124813,162.23962776220338,49386500
2023-04-17,162.87045288085938,163.02817163401676,161.68759231395518,162.73245273206868,41516200
2023-04-18,164.09275817871094,165.019337094876,163.28446081239204,163.72804670609275,49923000
2023-04-19,165.23619079589844,165.75862101045766,163.17602528319068,163.4323220199929,47720200
2023-04-20,164.27020263671875,165.47278202514906,163.19577163848064,163.71820194187683,52456400
2023-04-21,162.6634521484375,164.0730239528686,162.14102196516987,162.6930225330838,58337300
2023-04-24,162.9690399169922,163.23518844762253,161.5496011414824,162.64375061086378,41949600
2023-04-25,161.43133544921875,163.93505711689548,161.3918982344198,162.83105575677226,48714100
2023-04-26,161.4214630126953,162.91976126426218,160.47518046288778,160.73146218660858,45498800
2023-04-27,166.0050506591797,166.15290259103057,162.83103216774902,162.83103216774902,64902300
2023-04-28,167.25689697265625,167.42448254310634,165.48261369922477,166.08390326571939,55275900
2023-05-01,167.168212890625,168.01593249804148,166.2317821133474,166.86264216717663,52472900
2023-05-02,166.13320922851562,167.91737470896658,165.1474894240389,167.66107793363267,48425700
2023-05-03,165.05877685546875,168.47922575134587,164.77292473257992,167.07950544573387,65136000
2023-05-04,163.4224853515625,164.6546351492701,161.9636242025262,162.53534351356944,81235400
2023-05-05,171.09140014648438,171.81097141948842,168.32151475691046,168.53837432535954,113453200
2023-05-08,171.0223846435547,171.36739258858663,169.65223472844943,170.0169462399646,55962800
2023-05-09,169.31710815429688,171.06182151405454,169.14953757945023,170.5788283985824,45326900
2023-05-10,171.08151245117188,171.54480192353225,169.44521410372417,170.5492304195713,53724500
2023-05-11,171.26881408691406,172.09681510347738,169.71137500858376,171.36739208260082,49514700
2023-05-12,170.34097290039062,171.81171738299747,168.79124488441096,171.3773983196224,45533100
2023-05-15,169.847412109375,170.97268634600138,169.2551561693846,170.92332917405315,37266700
2023-05-16,169.847412109375,170.903583292935,169.58089543020992,169.76844364659667,42110300
2023-05-17,170.4593963623047,170.69628668546216,168.21871333171157,169.492059065459,57951600
2023-05-18,172.78892517089844,172.97647339745131,170.35082834910114,170.76540150488879,65496700
2023-05-19,172.8974609375,174.11156880350413,172.6803014737671,174.11156880350413,55809500
2023-05-22,171.9499053955078,172.45332751081392,171.2095929310653,171.73274586766902,43570900
2023-05-23,169.34396362304688,171.14046198217582,169.06758157728734,170.8936912226268,50747300
2023-05-24,169.62037658691406,170.19288666082696,168.317434571077,168.88006417332414,45143500
2023-05-25,170.75555419921875,171.6537886011476,169.47234283142473,170.1830440486123,56058300
2023-05-26,173.16400146484375,173.49962120538788,170.87397623432938,171.08127033696854,54835000
2023-05-30,175.00985717773438,176.67803022234617,174.28929064745816,174.6742524991613,55964400
2023-05-31,174.9604949951172,177.03337571367211,174.4768188110026,175.03946345752533,99625300
2023-06-01,177.76382446289062,177.79343575638538,174.64463768008144,175.40469602373648,68901800
2023-06-02,178.6127166748047,179.43199760539318,176.94454352013497,178.69168514468382,61996900
2023-06-05,177.2603759765625,182.561007136821,175.74025964458482,180.27098229225282,121946500
2023-06-06,176.8952178955078,177.79345231801273,175.1381956348758,177.64539583674735,64848400
2023-06-07,175.5231475830078,178.86935913776645,175.02960596689772,176.135134367242,61944600
2023-06-08,178.2376251220703,178.50412674833163,175.1677956906412,175.60209965770608,50214900
2023-06-09,178.62258911132812,179.87617397731293,178.2968498358667,179.1556074319137,48900000
2023-06-12,181.41603088378906,181.51474523727245,178.63246384356634,178.92859184232086,54274900
2023-06-13,180.94224548339844,181.77139187803073,180.08348779336475,180.43883839987808,54929100
2023-06-14,181.57394409179688,182.00826309164242,179.668880824476,181.00143405215442,57462900
2023-06-15,183.60733032226562,184.11075236554325,181.40613912687283,181.58382192499832,65433200
2023-06-16,182.53138732910156,184.57465637740563,181.88978940104866,184.3180051568314,101256200
2023-06-20,182.62025451660156,183.69618663444365,182.02801364300083,182.02801364300083,49799100
2023-06-21,181.58383178710938,183.015099412311,180.23151756348105,182.51167734169172,49515700
2023-06-22,184.58456420898438,184.63392138287654,181.29757524213758,181.36667829792557,51245300
2023-06-23,184.2686767578125,185.13731475683954,182.6202496908907,183.15328303090953,53117000
2023-06-26,182.8769073486328,185.6209974197008,182.83741558637178,184.4167547195407,48088700
2023-06-27,185.63088989257812,185.95662920109734,183.27176132029933,183.48892085931215,50730800
2023-06-28,186.80551147460938,187.4471095844542,185.17683008088284,185.50255431027165,51216800
2023-06-29,187.14108276367188,187.61489349976054,186.49948476837957,186.6376758009822,46347300
2023-06-30,191.4645233154297,191.96793030893548,188.7895213028153,189.15475231695294,85213200
2023-07-03,189.9740447998047,191.37570117698604,189.28307449044232,191.27698682945007,31458200
2023-07-05,188.85862731933594,190.48730854754436,188.15779163185775,189.09553270560195,46920300
2023-07-06,189.33241271972656,189.53970680413252,186.75612514844465,187.3878577490578,45094300
2023-07-07,188.21702575683594,190.1813268348204,187.78272178125238,188.93760736945495,46815000
2023-07-10,186.17376708984375,187.5359467558433,184.62403920180722,186.8153651594175,59922200
2023-07-11,185.650634765625,186.85487763479418,184.1897556525184,186.71668657087457,46638100
2023-07-12,187.31878662109375,189.22385000348103,186.03557542450565,187.22993768452707,60750200
2023-07-13,188.07882690429688,188.72044002337208,187.32864909209994,188.03935020331573,41342300
2023-07-14,188.2268829345703,188.71054402484233,187.1805772351739,187.7728180713282,41616200
2023-07-17,191.4842987060547,191.81003800912126,189.3324492359564,189.4212831199665,50520200
2023-07-18,191.22760009765625,191.8198559679377,189.93452367795723,190.85251877072426,48288200
2023-07-19,192.57994079589844,195.66950100927124,190.16157487576123,190.6057743707706,80507300
2023-07-20,190.63539123535156,193.9322456468904,190.01352397351403,192.57006595398724,59581200
2023-07-21,189.46075439453125,192.45161532627134,188.75991868585442,191.59285775033445,71951700
2023-07-24,190.26028442382812,192.3923877240068,189.76674282999198,190.9117629424984,45377800
2023-07-25,191.1190185546875,191.92843389899372,190.42806342033606,190.83277109248917,37283200
2023-07-26,191.98770141601562,193.11297577300414,190.82295035426253,191.1684204714641,47471900
2023-07-27,190.72422790527344,194.6528150463848,190.06288393124004,193.48806403406496,47460200
2023-07-28,193.30050659179688,194.09017617119656,191.63233355900982,192.15548645475204,48291400
2023-07-31,193.91249084472656,193.95198260711592,192.7378594315981,193.52752900074864,38824100
2023-08-01,193.08334350585938,194.1888718595327,192.75760424557473,193.7052107356477,35175100
2023-08-02,190.0924835205078,192.65889079076135,189.37191700535638,192.52069974591456,50389300
2023-08-03,188.70071411132812,189.8852110681393,188.22691834094286,189.09555647139584,61235200
2023-08-04,179.6392822265625,184.95966022717982,179.57017917093492,183.12368481919472,115956800
2023-08-07,176.5398712158203,180.76458694137423,175.05924612335895,179.7775035464,97576100
2023-08-08,177.47756958007812,177.94149990785485,175.2862435821482,177.3689898212007,67823000
2023-08-09,175.8883819580078,178.59298065772126,174.7236157900662,178.53375806746422,60378500
2023-08-10,175.6711883544922,178.41527829006225,175.30597241092943,177.1616784798233,54686900
2023-08-11,175.73049926757812,176.5508864753638,174.5048729038775,175.2659575562626,52036700
2023-08-14,177.3811798095703,177.60851131506328,175.25607590732963,175.90843422608452,43675600
2023-08-15,175.3944091796875,177.40089237300145,174.99904882828764,176.8078518459017,43622600
2023-08-16,174.52464294433594,176.47180884084688,174.45544657600635,175.07815356283987,46964900
2023-08-17,171.98440551757812,175.4537406821077,171.47042491030345,175.08803154260252,66062900
2023-08-18,172.4687042236328,173.07163855529046,169.96801308135534,170.30407088404175,61172200
2023-08-21,173.8031005859375,174.08974972921308,171.7274356199635,173.04203097276417,46311900
2023-08-22,175.17697143554688,175.62175563939851,174.2083279343983,175.00894251773767,42038900
2023-08-23,179.0219268798828,179.44695366375947,176.264252478764,176.45205395893973,52722800
2023-08-24,174.3368682861328,179.0021943341212,173.97114400676233,178.57716749107865,54945800
2023-08-25,176.54100036621094,177.07473842454561,173.78332608108835,175.3252527852027,51449600
2023-08-28,178.1027374267578,178.4980979181981,176.48173528059502,178.00388976287974,43820700
2023-08-29,181.98716735839844,182.75813070921157,177.4206898063463,177.61837000977968,53003900
2023-08-30,185.4762725830078,185.67396786591692,182.5999932338842,182.79767343476072,60813900
2023-08-31,185.69371032714844,186.9292303353549,185.30822868786927,185.664059053514,60794500
2023-09-01,187.2653350830078,187.7199980774023,186.09899615427736,187.29498636168424,45766500
2023-09-05,187.50253295898438,187.77928826308653,185.4367469097816,186.09898389331408,45280000
2023-09-06,180.79116821289062,186.6623614722439,179.36784680674066,186.21756222129898,81755800
2023-09-07,175.50315856933594,176.14563807720947,171.5297216636145,173.1507234483217,112488800
2023-09-08,176.11598205566406,178.15213198996554,175.7305003611282,176.2840260730559,65551300
2023-09-11,177.2823028564453,178.21141635408188,175.2856982178241,177.98408488615974,58953100
2023-09-12,174.2577667236328,178.043402311121,172.79491507430095,177.4108165912451,90370200
2023-09-13,172.19195556640625,175.2461573436229,171.96460903055169,174.46530026870357,84267900
2023-09-14,173.7042694091797,174.06009984649242,171.5692867853032,171.98441978182902,60895800
2023-09-15,172.98269653320312,174.45544195430384,171.806494041059,174.43566940930017,109259500
2023-09-18,175.9084014892578,177.30207170667876,174.12924962468128,174.4356561798522,67257600
2023-09-19,176.99569702148438,177.54920768301113,175.07816717117066,175.4636488877364,51826900
2023-09-20,173.45716857910156,177.61839243619755,173.3681996565953,177.1834868845125,58436200
2023-09-21,171.9152069091797,174.25776334751873,171.846025624082,172.5280351536478,63149100
2023-09-22,172.76524353027344,175.0287248458324,172.03382526857388,172.6466384244914,56725400
2023-09-25,174.040283203125,174.9199727999802,172.13263256691485,172.18205638108142,46172700
2023-09-26,169.9680633544922,173.17052232124786,169.6715354659317,172.79493440563715,64588900
2023-09-27,168.4557647705078,171.03553164114703,167.0917606780329,170.62039864934732,66921800
2023-09-28,168.7127685546875,170.03724268196555,165.6783234920371,167.37840061261642,56294400
2023-09-29,169.22674560546875,171.06520035560507,168.36681324873706,170.02736032081233,51861100
2023-10-02,171.73728942871094,172.28092127496365,168.94994891630552,169.2365980179806,52164500
2023-10-03,170.4029083251953,171.61867083541966,168.84122435442626,170.2645306917589,49594600
2023-10-04,171.6483612060547,172.19199313339385,168.98951921036945,169.10812432832188,53020300
2023-10-05,172.8838653564453,173.41760341955526,170.67968657288918,171.77682905786853,48527900
2023-10-06,175.43399047851562,175.92819856079907,171.17390414032383,171.78673241813826,57266700
2023-10-09,176.91659545898438,176.97589800927489,173.76354582426052,174.7618406122257,42390800
2023-10-10,176.3235626220703,177.63815795783916,175.8886570875863,176.03692856454262,43698000
2023-10-11,177.71722412109375,177.76664794425923,175.54271164011269,176.13575227199846,47551100
2023-10-12,178.61668395996094,180.227791982292,176.96601576479657,177.98409824545533,56743100
2023-10-13,176.77825927734375,179.82256817452978,176.07647707622922,179.31848129679557,51427100
2023-10-16,176.64976501464844,177.00559549131233,174.46535832251035,174.70258366763161,52517000
2023-10-17,175.09793090820312,176.35322375615226,172.77516179309222,174.60372278813253,57549400
2023-10-18,173.8031005859375,175.5229501994882,173.08156098457755,173.5461178040648,54764400
2023-10-19,173.42752075195312,175.77994115612455,173.1606441431901,174.00078890109597,59302900
2023-10-20,170.87741088867188,173.38798159754705,170.6401855525277,173.2792552037354,64244000
2023-10-23,170.99600219726562,171.99429712738208,167.96155723103598,168.93021596381925,55980100
2023-10-24,171.43089294433594,171.65822442721412,169.4639394511676,171.045411263789,43816600
2023-10-25,169.11798095703125,171.05526784044204,168.67318169844384,169.88894421827058,57157000
2023-10-26,164.95675659179688,169.39475015606334,163.75088778515044,168.39644027726376,70625300
2023-10-27,166.27137756347656,167.00281099505466,164.89747962237493,164.97655472973753,58499100
2023-10-30,168.31735229492188,169.1871631923404,166.91380339901636,167.06207484672964,51131000
2023-10-31,168.79180908203125,168.92029290970513,165.9550448299652,167.38826013413149,44846000
2023-11-01,171.95474243164062,172.2117251766134,168.14933458405196,169.01914553939386,56934900
2023-11-02,175.51304626464844,175.72060519042475,173.42748778366638,173.48679033388817,77334800
2023-11-03,174.6037139892578,174.77175801380423,171.34195262679097,172.2216424329047,79829200
2023-11-06,177.15379333496094,177.35147351618673,174.1687879097799,174.33681681792336,63841300
2023-11-07,179.7138214111328,180.32663456302825,176.89682951103612,177.1043884447924,70530000
2023-11-08,180.7714385986328,181.32494925868284,179.48649451949703,180.23770048559436,49340300
2023-11-09,180.2969970703125,181.98718027395728,179.70394133589065,180.8406289798602,53763500
2023-11-10,184.48345947265625,184.65172484997518,181.6429731785289,182.0784515863883,66133400
2023-11-13,182.8999481201172,184.11729742228064,182.31601793716675,183.9094650326421,43627500
2023-11-14,185.51278686523438,186.17589626502485,184.38450869065176,185.7701081675421,60108400
2023-11-15,186.0769500732422,187.55163591900057,185.84931907084464,185.91860660743325,53790500
2023-11-16,187.7594757080078,188.9966236513369,186.7103615664657,187.6209157424311,54412900
2023-11-17,187.7396697998047,188.42257785422723,186.63119011836693,188.29390964052354,50922700
2023-11-20,189.4815673828125,189.93684445013852,187.92771748948175,187.93760923589429,46505100
2023-11-21,188.67990112304688,189.55085808280586,187.78916067013205,189.44198846283598,38134500
2023-11-22,189.343017578125,190.94635649331246,188.8679569924961,189.52117473642568,39617700
2023-11-24,188.0167999267578,188.93723076179566,187.30420149232032,188.90754041885276,24048300
2023-11-27,187.838623046875,188.7095799535061,186.95777439426936,187.9672912540552,40552600
2023-11-28,188.44236755371094,189.11538388382388,187.45264920500045,187.82874701011957,38415400
2023-11-29,187.42295837402344,190.11499348364924,187.02707707633283,188.93722623545,43014200
2023-11-30,187.99697875976562,188.36318478193425,186.2550800746654,187.888109148078,48794400
2023-12-01,189.2737274169922,189.59042941044567,187.2843840288066,188.37308016671426,45704800
2023-12-04,187.4823455810547,188.0959812462982,185.5227074160739,188.0266937107449,43389500
2023-12-05,191.4313201904297,192.40123993854135,188.22462732075607,188.25433276481266,66628400
2023-12-06,190.34263610839844,192.75753614335477,190.1347886146608,192.45072587794942,41089700
2023-12-07,192.27259826660156,192.9950884718347,191.59958189996593,191.63917909312914,47477700
2023-12-08,193.69778442382812,193.9749043529612,191.67875053796885,192.20330005396386,53406400
2023-12-11,191.19378662109375,191.50061200003438,189.45188773429211,191.12451418849048,60943700
2023-12-12,192.7080535888672,192.71794533501543,189.748790485074,191.09480795445688,52696900
2023-12-13,195.9246368408203,195.96421892707963,192.8466123940007,193.08413511536142,70404200
2023-12-14,196.07308959960938,197.56755876987646,194.14314196862804,195.9840185786185,66831600
2023-12-15,195.53863525390625,196.36008808380646,194.97448862167192,195.49903806818725,128538400
2023-12-18,193.8759307861328,194.6083278162061,192.39135323196817,194.07387143964067,55751900
2023-12-19,194.91513061523438,194.92502236186388,193.87592334681435,194.1431515248431,40714100
2023-12-20,192.82681274414062,195.64750075817219,192.82681274414062,194.87552171417178,52242800
2023-12-21,192.67835998535156,195.05369307239374,191.51049958819766,194.08377332368417,46482500
2023-12-22,191.60948181152344,193.4008696387368,190.98595440796598,193.17322354105164,37149600
2023-12-26,191.0651397705078,191.8964996004414,190.84740051477698,191.6193796571302,28919300
2023-12-27,191.16409301757812,191.5105004803971,189.12527563548673,190.5108903848591,48087700
2023-12-28,191.5896759033203,192.65857351066379,191.18388776405135,192.14391575114956,34049900
2023-12-29,190.55043029785156,192.40119836773263,189.75865277373288,191.90633930289596,42672100
2024-01-02,183.73133850097656,186.5025532725651,181.99933115647192,185.22580797297744,82488700
2024-01-03,182.35560607910156,183.96885182302105,181.5440297827802,182.32591573673892,58414500
2024-01-04,180.03965759277344,181.2075179249861,179.0202489631632,180.27718031693732,71983600
2024-01-05,179.31716918945312,180.88092604513352,178.31755906038765,180.11885376441708,62379700
2024-01-08,183.6521453857422,183.69174257913158,179.63389106527006,180.21782130157615,59144500
2024-01-09,183.23646545410156,183.24635720149604,180.85124046635073,182.02900778818224,42841800
2024-01-10,184.27566528320312,184.48349768333688,182.02900036017593,182.4545871112419,46792900
2024-01-11,183.6818084716797,185.12680377786887,181.73206228896322,184.6220377994394,49128400
2024-01-12,184.0084228515625,184.8199990991005,183.28593272766105,184.14698280822722,40477800
2024-01-16,181.7419891357422,182.3655014396163,179.06973745492456,180.28710192352952,65603000
2024-01-17,180.80172729492188,181.04915686376333,178.44620806884475,179.40623600410183,47317400
2024-01-18,186.69058227539062,187.1953332109462,183.9193677995691,184.17668914088887,78005800
2024-01-19,189.59043884277344,189.97642838325277,186.8786203129096,187.38337121910467,68903000
2024-01-22,191.89646911621094,193.3216657993532,190.28322355100102,190.32282073770045,60133900
2024-01-23,193.17320251464844,193.7373491711095,191.83709192633378,193.01485907067706,42355600
2024-01-24,192.50021362304688,194.36088890095834,192.34185506707502,193.41075266703035,53631300
2024-01-25,192.17359924316406,194.2520137003454,191.124500268323,193.21280647175473,54822100
2024-01-26,190.4415740966797,192.75751105858055,189.966513589549,192.27255880614135,44594000
2024-01-29,189.75868225097656,190.22385105233468,187.63079398239137,190.03580216218106,47145600
2024-01-30,186.1066131591797,189.82796344587697,185.54248160944437,188.9768051464624,55859400
2024-01-31,182.50401306152344,185.17626403445416,182.4545392376468,185.11686826238252,55467800
2024-02-01,184.9387664794922,185.02783750412453,181.93002942176474,182.0982797244824,64885400
2024-02-02,183.93914794921875,185.40392677166545,177.4070012757119,178.01073002917815,102551700
2024-02-05,185.7503204345703,187.30418539055444,183.9292424150712,186.21548923655902,69668800
2024-02-06,187.3536834716797,187.36357521832525,184.8496972971495,184.93876832266957,43490800
2024-02-07,187.46253967285156,189.08567701882757,186.6707620426896,188.67988890685803,53439000
2024-02-08,186.38375854492188,187.59120098390878,185.42373058041275,187.44274927884152,40962000
2024-02-09,187.1467742919922,188.27649206574011,186.30443436474718,186.94856598828474,45155200
2024-02-12,185.46214294433594,186.9684387436886,185.10538907399385,186.72069342042812,41781900
2024-02-13,183.3711700439453,184.53063145226378,181.85496988989732,184.09459726813964,56529500
2024-02-14,182.48916625976562,183.8567250370981,180.7945970211484,183.648627470826,54630500
2024-02-15,182.20179748535156,182.82612045767794,179.71444020641266,181.89459574378543,65434500
2024-02-16,180.665771484375,183.18287207946292,180.0315441516518,181.76576116844507,49752500
2024-02-20,179.92254638671875,180.78469520216953,178.3766181157698,180.15046783149373,53665600
2024-02-21,180.67572021484375,181.24057170015067,179.03068760645021,180.29914247718926,41371400
2024-02-22,182.70721435546875,183.29190480468338,180.81445159653885,181.82524161821627,52292200
2024-02-23,180.8739013671875,183.3711632214272,180.58650833781007,183.34143499372246,45119700
2024-02-26,179.52613830566406,181.11169898060157,179.02072827105397,180.5963996998619,40867400
2024-02-27,180.98291015625,182.26126931281985,177.94059046680667,179.46671005654383,54318900
2024-02-28,179.7838134765625,181.46847854843006,178.50545433930714,180.8639793914523,48953900
2024-02-29,179.11985778808594,180.92345088953732,177.9108594746495,179.63517226295397,136682600
2024-03-01,178.0396728515625,178.90182159301432,175.78023709238585,177.93066432277888,73563100
2024-03-04,173.5208282470703,175.30458245485661,172.2226300679557,174.56134649455421,81510100
2024-03-05,168.5857391357422,170.48842147609815,168.09024847040442,169.21996658252752,95132400
2024-03-06,167.59475708007812,169.69564777442116,167.1587228770791,169.5172632726602,68587700
2024-03-07,167.47584533691406,169.19023880968834,166.9704503005263,167.6244864884472,71765100
2024-03-08,169.19021606445312,172.13343143853632,167.41636636953461,167.4758228221548,76267000
2024-03-11,171.1920166015625,172.80732093128213,170.49833272784605,171.38030546468005,60139500
2024-03-12,171.6676788330078,172.4604668624585,169.4676992338398,171.58839851794536,59825400
2024-03-13,169.58663940429688,171.62805851944387,169.2199660307435,171.21184817645832,52488700
2024-03-14,171.43975830078125,172.73794133442243,170.49832912625453,171.35057361629615,72913500
2024-03-15,171.0631866455078,171.0631866455078,168.75419840900892,169.6262667891251,121752700
2024-03-18,172.15322875976562,176.10724858241537,171.9550355745247,173.98654974587862,75604200
2024-03-19,174.49195861816406,175.0171774056643,171.4694631572472,172.76764601394297,55215200
2024-03-20,177.05859375,177.05859375,173.5108795488189,174.1352024891535,53423100
2024-03-21,169.82444763183594,175.8892630091755,169.29922879245808,175.45322885093574,106181300
2024-03-22,170.72625732421875,171.48931715990707,168.5262776263353,170.210942813777,71160100
2024-03-25,169.3091278076172,170.38929358279395,167.92174518816086,169.03165430796025,54288300
2024-03-26,168.17942810058594,169.87399750483326,168.0505957042821,168.4668059986792,57388400
2024-03-27,171.7469482421875,172.0343412561863,168.575811446925,168.87310882923745,60273300
2024-03-28,169.93344116210938,170.67667701496117,168.97218824939392,170.2010103030642,65672700
2024-04-01,168.49652099609375,169.70551918920845,167.95147834818596,169.64606274055888,46240500
2024-04-02,167.31727600097656,167.81276664190898,166.71277681419204,167.5551169522469,49329500
2024-04-03,168.11996459960938,169.14067408704202,167.05962251511946,167.2677201117247,47691700
2024-04-04,167.2974395751953,170.36947196785653,167.2974395751953,168.75416790697062,53704400
2024-04-05,168.05059814453125,168.85329051832247,167.42627513328318,168.06050251317026,42104800
2024-04-08,166.93077087402344,167.67400673287588,166.72267330140122,167.50554175274334,37425500
2024-04-09,168.13978576660156,168.5460917055098,166.83169838821917,167.17853275073267,42373800
2024-04-10,166.26681518554688,167.56499806522814,165.60285963338822,167.27762018668898,49709300
2024-04-11,173.46136474609375,173.877590209879,166.64342350182488,166.82179288243998,91070300
2024-04-12,174.95773315429688,176.75140669942581,172.63884078505302,172.68837774790788,101670900
2024-04-15,171.13255310058594,175.0370216134587,170.94426424521788,173.77847120218846,73531800
2024-04-16,167.8524169921875,172.1929047923956,166.75242714722782,170.20103782824683,73711200
2024-04-17,166.48483276367188,169.1109267558204,166.48483276367188,168.08031301583728,50901200
2024-04-18,165.53350830078125,167.11908441586118,165.04793714543356,166.5145852231191,43122900
2024-04-19,163.5119171142578,164.89928490796945,162.60021611822233,164.71101115974596,68149400
2024-04-22,164.34432983398438,165.75152141981465,163.28398774037723,164.0272236912775,48116400
2024-04-23,165.394775390625,165.54343166054898,163.4326366212621,163.8587664496344,49537800
2024-04-24,167.4956512451172,167.77312477902248,164.71099641624178,165.03800691456527,48251800
2024-04-25,168.35780334472656,169.07131105182287,166.63349053238153,168.0010494911784,50558300
2024-04-26,167.7731170654297,169.79471202253325,167.6541890412428,168.3478879652858,44838400
2024-04-29,171.9352569580078,174.44243845784558,171.5388704832316,171.8064245491769,68169400
2024-04-30,168.79383850097656,173.41181476528868,168.46681287321124,171.76678225756265,65934800
2024-05-01,167.7731170654297,171.15236652369296,167.58482822154218,168.05059058657778,50383100
2024-05-02,171.46946716308594,171.85594920671264,169.34876810707777,170.95415273119292,94214900
2024-05-03,181.72613525390625,185.31348231884328,181.01262758822543,184.9666328542693,163224100
2024-05-06,180.0712127685547,182.53874644704828,178.79283846563771,180.70544017490002,78569700
2024-05-07,180.75497436523438,183.23242749590466,179.68472791941784,181.79550770435065,77305800
2024-05-08,181.09193420410156,181.4189598584749,179.813559816899,181.20094275555934,45057100
2024-05-09,182.90541076660156,182.99459544718977,180.4675903156434,180.91352883975787,48983000
2024-05-10,181.6451416015625,183.669478466616,180.73220418072017,183.48093424482693,50759500
2024-05-13,184.85035705566406,185.6640710757596,183.2030934113359,184.01680743143146,72044800
2024-05-14,185.99154663085938,186.8548800445926,184.8602962551219,186.0709344816443,52393600
2024-05-15,188.26397705078125,189.18683240943687,185.9320062923224,186.46787049037354,70400000
2024-05-16,188.38304138183594,189.6333810173086,188.2044300863017,189.00821119957226,52845200
2024-05-17,188.41281127929688,189.34559954047234,187.72810435814964,188.0555735439889,41282900
2024-05-20,189.57382202148438,190.44707314635468,187.5594028379898,187.87695420764547,44361300
2024-05-21,190.873779296875,191.25085261805762,189.4547462309282,189.62343971650407,42309400
2024-05-22,189.4348907470703,191.34016861791716,188.80973611420333,190.79438668312676,34648500
2024-05-23,185.44578552246094,189.53416154393335,185.19770415918353,189.51431079519944,51005900
2024-05-24,188.52194213867188,189.11734333076396,186.59682877814635,187.37085638453854,36327000
2024-05-28,188.5319061279297,191.51880009814326,187.64873713728954,190.04022981736387,52280100
2024-05-29,188.82958984375,190.7745542503335,188.05557725890648,188.15481585355153,53068000
2024-05-30,189.8218994140625,190.70506832278696,189.16697622567534,189.29596821795033,49889100
2024-05-31,190.77455139160156,191.09210277636024,188.45251367186646,189.9707702687458,75158300
2024-06-03,192.5408935546875,193.49353258818425,191.04248767189634,191.41956102246726,50080500
2024-06-04,192.8584442138672,193.82100104656786,191.548567440495,193.1462119125533,47471400
2024-06-05,194.3667449951172,195.38883880770499,193.37441972917316,193.90035090878894,54156800
2024-06-06,192.98744201660156,194.99194358986873,192.679823561343,194.1881624282746,41181800
2024-06-07,195.3789520263672,195.4285713258788,192.65005711175448,193.15613762673084,53103900
2024-06-10,191.6378631591797,195.7857909182053,190.6753063763642,195.3888517006261,97010200
2024-06-11,205.5601806640625,205.57011360777915,192.14395345618084,192.16378906024917,172373300
2024-06-12,211.43478393554688,218.5100538646653,205.3121227860245,205.7785169434978,198134300
2024-06-13,212.59576416015625,215.08649505325084,209.97602614095345,213.09192677850285,97862700
2024-06-14,210.85923767089844,213.51866257545944,209.678367977573,212.2088008716011,70122700
2024-06-17,215.0071258544922,217.2696263789355,211.08744385812574,211.73244926121387,93728300
2024-06-18,212.64540100097656,216.95210469802018,211.36530791117931,215.92007781385274,79943300
2024-06-20,208.07077026367188,212.59578653831548,207.24715355520107,212.28815296354617,86172500
2024-06-21,205.8975830078125,210.26380829361358,205.52049454653314,208.77532033595196,241805100
2024-06-24,206.54261779785156,211.06761941054305,205.0045103276704,206.12584292738626,80727000
2024-06-25,207.46546936035156,209.75773850908567,207.0089930344414,207.54484206411715,55549700
2024-06-26,211.61337280273438,213.21101716086312,209.02340313251779,209.87680350658064,66213200
2024-06-27,212.45684814453125,214.0842609953053,210.72027890747495,213.0423164247351,49772700
2024-06-28,209.00355529785156,214.41174043740799,208.68601906723538,214.1140398112984,82542700
2024-07-01,215.08651733398438,215.84067914098924,210.29358412725625,210.46227761796723,60402900
2024-07-02,218.57949829101562,218.68865467979296,213.4491783018458,214.49110775455017,58046200
2024-07-03,219.84967041015625,219.84967041015625,217.34900644671097,218.3115631866412,37369800
2024-07-05,224.60289001464844,224.71204639614564,219.9488822406841,219.9488822406841,60412400
2024-07-08,226.0715789794922,226.10134753003678,221.53664465186893,225.34717053841655,59085900
2024-07-09,226.92495727539062,227.63943274976205,224.63268810415036,226.180713251394,48076100
2024-07-10,231.1919403076172,231.29117889263895,227.49057123987387,227.54019053238477,62627700
2024-07-11,225.823486328125,230.60648662367137,224.03729767642758,229.61416127735984,64710600
2024-07-12,228.77066040039062,230.8545495178413,226.92493479803437,227.16309831312876,53046500
2024-07-15,232.60107421875,235.40935699641528,231.3011303310065,234.66511292556817,62631300
2024-07-16,233.01783752441406,234.4567062015191,230.54694204130521,233.19644881294397,43234300
2024-07-17,227.1234130859375,229.68361410453295,224.90059902579642,227.6890306172661,57345900
2024-07-18,222.45950317382812,228.67146993188885,220.5641731481692,228.51269423226466,66034600
2024-07-19,222.58848571777344,225.05938116686082,221.5663918696606,223.09458131167176,49151500
2024-07-22,222.24118041992188,226.03185518490554,221.37784711424985,225.2677604657143,48201800
2024-07-23,223.28314208984375,225.19833806517673,220.9710219946754,222.6480544130964,39960300
2024-07-24,216.86279296875,223.0747598557794,215.46362561910502,222.28089648286087,61777600
2024-07-25,215.82083129882812,219.1550448561193,212.9728474396388,217.2497669876539,51391200
2024-07-26,216.2872314453125,217.80548795978973,214.35218497553956,217.02154248476683,41601300
2024-07-29,216.56507873535156,217.61694112977094,214.09418328948692,215.29490356378676,36311800
2024-07-30,217.1207733154297,218.63902977566391,214.4613337033208,217.50777956722112,41643800
2024-07-31,220.37562561035156,222.10227724921992,218.93675681546986,219.74053796301214,50036300
2024-08-01,216.6841583251953,222.7571844619209,215.35444602521784,222.64802807062824,62501000
2024-08-02,218.1726531982422,223.86860618805187,216.0391597412521,217.46809553371503,105568600
2024-08-05,207.6639404296875,211.8614726265992,194.4957781490091,197.562059997048,119548600
2024-08-06,205.6395721435547,208.3783997216886,199.52685967053256,203.72439154098564,69660500
2024-08-07,208.20970153808594,212.00037630720823,204.80601788828693,205.31209833985366,63516400
2024-08-08,211.6729278564453,212.55609685346144,207.22731432081122,211.4744658055274,47161100
2024-08-09,214.5804443359375,215.11629337558463,210.3432107490655,210.47221789303094,42201600
2024-08-12,216.1103973388672,218.07747160820446,214.1929998012183,214.65993379251097,38028100
2024-08-13,219.82598876953125,220.44193777769505,217.58072790378117,217.58072790378117,44155300
2024-08-14,220.27305603027344,221.57450454206742,218.2662343099079,219.13056699635618,41960600
2024-08-15,223.25344848632812,223.87934187315213,221.30623303799138,223.1342364732981,46414000
2024-08-16,224.5747833251953,225.34969177239586,222.19043681447837,222.45867901826594,44340200
2024-08-19,224.41583251953125,224.51518597934856,221.58442566604344,224.2469437652095,40687800
2024-08-20,225.0317840576172,225.68748051768907,223.97870407222223,224.29662301984854,30299000
2024-08-21,224.92250061035156,226.4921913011218,223.58131984717622,225.04172779494317,34765500
2024-08-22,223.06471252441406,226.84984597984075,222.43881906323927,226.30343225653021,43695300
2024-08-23,225.35963439941406,226.73063334528243,222.866020162344,224.187342377279,38677300
2024-08-26,225.6973876953125,225.7967411465175,222.4288653159012,225.2801304868265,30602200
2024-08-27,226.54185485839844,227.356510742363,223.42234738221904,224.52510403050715,35934600
2024-08-28,225.0119171142578,228.35991942602843,224.20719049274723,226.43257756563742,38052200
2024-08-29,228.29039001464844,231.3999685703833,227.38634017099784,228.59837969678284,51906300
2024-08-30,227.5055389404297,228.89639643358683,225.99545426270925,228.68777538921813,52990800
2024-09-03,221.3162078857422,227.50554667965343,219.72664341730942,227.05848641015993,50190600
2024-09-04,219.4087371826172,220.33266071869627,216.06071952153204,220.21344869061124,43840200
2024-09-05,220.92874145507812,224.00850159902006,220.07435325324454,220.1836359939166,36615400
2024-09-06,219.37893676757812,223.77009004470926,218.33578603187902,222.48850009081283,48423000
2024-09-09,219.4683380126953,219.82598924771256,215.2957503769675,219.37892899374344,67180000
2024-09-10,218.67355346679688,220.03460793809228,215.31560663834654,217.49131703149231,51591000
2024-09-11,221.2069091796875,221.63409569372266,216.46803428284608,220.01474349397893,44587100
2024-09-12,221.3162078857422,222.09111639532034,218.38546260882887,221.04796566036197,37455600
2024-09-13,221.04794311523438,222.57788625371046,220.461797151476,222.12089674811224,36766600
2024-09-16,214.90829467773438,215.80241517960704,212.52394807405793,215.126845002842,59357400
2024-09-17,215.37522888183594,215.4845116318028,213.10018001697546,214.34202255786693,45519300
2024-09-18,219.24977111816406,221.25659276615585,216.12031904206836,216.13026348358338,59894900
2024-09-19,227.3763885498047,228.32020097310811,223.16406850984052,223.52171975466862,66781300
2024-09-20,226.71075439453125,231.56884144729943,226.1345376792504,228.46920754640476,318679900
2024-09-23,224.99203491210938,227.95258288382507,224.336338501163,225.8563523524968,54146000
2024-09-24,225.8861541748047,227.8532433973514,224.2568575968381,227.15779954496355,43556100
2024-09-25,224.89271545410156,225.80670975939722,222.55806053621265,223.46211039913067,42308700
2024-09-26,226.0352020263672,227.00880227293717,223.9389713421174,225.81663654010723,36636700
2024-09-27,226.3034210205078,228.02214184296878,225.8166284941723,226.9690618971705,34026000
2024-09-30,231.4794464111328,231.4794464111328,228.15130238402674,228.53875664504176,54541900
2024-10-01,224.73373413085938,228.15127156053518,222.2798524228829,228.0221302637843,63285000
2024-10-02,225.30003356933594,225.8861795938886,221.56457676904253,224.41584231153624,32880600
2024-10-03,224.197265625,225.3298253274289,221.8626109260752,223.67072564154154,34044200
2024-10-04,225.3199005126953,226.5120662505933,222.66732681912907,226.41271278943105,37245100
2024-10-07,220.24325561523438,224.2171516536621,219.8856043654075,223.0349151567562,39505400
2024-10-08,224.296630859375,224.50525191173782,221.79307211654884,222.83622285599392,31855700
2024-10-09,228.04200744628906,228.25064364916537,223.36275355639287,223.7601370790405,33591100
2024-10-10,227.54527282714844,228.00227752622936,225.68748134269669,226.29350107451606,28183500
2024-10-11,226.06500244140625,227.91286461183438,225.85636623992795,227.80358186995707,31759200
2024-10-14,229.79055786132812,230.21774443953993,227.1081808757056,227.207519188233,39882100
2024-10-15,232.32388305664062,235.9401275315396,230.853530735341,232.08544385770335,64751400
2024-10-16,230.26739501953125,230.60517253033711,228.34005309673006,230.0885769817669,34082200
2024-10-17,230.63497924804688,232.3238971476739,229.0156269629083,231.9066247344228,32993800
2024-10-18,233.4663848876953,234.63867690560429,232.4828401919167,234.63867690560429,46431500
2024-10-21,234.93670654296875,235.3043021987925,232.91995571367772,232.91995571367772,36254500
2024-10-22,234.3207550048828,234.67840621577702,231.08203554343615,232.3636102062686,38846600
2024-10-23,229.25404357910156,233.60546433739609,226.27362172475395,232.55238437433343,52287000
2024-10-24,229.0653076171875,229.3136761173618,226.91940013747097,228.47914643577636,31109500
2024-10-25,229.8998260498047,231.69801159617745,228.07183749564092,228.24072625952675,38802300
2024-10-28,231.87681579589844,233.19813797949908,231.032372026897,231.7973512193415,36087100
2024-10-29,232.14505004882812,232.80074647701065,230.80386934668286,231.57877779482254,35417200
2024-10-30,228.59837341308594,231.9463759413976,228.05195968136482,231.0919876952183,47070900
2024-10-31,224.43572998046875,228.33014650168323,223.8992454954501,227.84333875182722,64370100
2024-11-01,221.4552764892578,223.87935529424118,218.83250593091054,219.5279346472888,65276700
2024-11-04,220.56114196777344,221.33605042122997,218.2761640538016,219.54780947276666,44944500
2024-11-05,221.9917449951172,222.4884819564664,219.6968226591573,220.35251908634842,28111300
2024-11-06,221.2665252685547,224.5946691536601,219.74651129717958,221.15724252476647,54561100
2024-11-07,225.99545288085938,226.39285156162418,223.10445516924474,223.16406118155706,42137700
2024-11-08,225.7269287109375,227.4176895436531,225.17991383614745,225.9357792784742,38328800
2024-11-11,223.01173400878906,224.4737485807484,220.29657059338746,223.77755477883602,42005600
2024-11-12,223.01173400878906,224.36434561359883,222.14646565326132,223.3300027044557,40398300
2024-11-13,223.89691162109375,225.4185978724207,221.54973296285615,222.79294167641658,48566200
2024-11-14,226.9800567626953,227.62651917059247,223.77755016405436,223.79744575109493,44923900
2024-11-15,223.77755737304688,225.6871240415238,223.05152776948486,225.1699449930133,47923700
2024-11-18,226.7811737060547,228.49183017609323,223.94665165924164,224.0262188410909,44633700
2024-11-19,227.0397491455078,228.90953992555222,225.4285554930197,225.74680903538962,36211800
2024-11-20,227.75584411621094,228.68078414631773,224.6627401240164,226.82094870348703,35169600
2024-11-21,227.27845764160156,228.90954693288327,224.48372676835862,227.63650237265796,42108300
2024-11-22,228.62109375,229.46648170496493,226.82093004738374,226.82093004738374,38168300
2024-11-25,231.6048126220703,231.98275293866183,228.49182822914253,230.20248468460477,90152800
2024-11-26,233.78292846679688,234.2901673751303,232.0623317186483,232.0623317186483,45986200
2024-11-27,233.6536102294922,234.40949083683986,232.53970008294309,233.19611792325418,33498400
2024-11-29,236.04058837890625,236.51797629056327,232.698842645531,233.5342752849028,28481400
2024-12-02,238.2882843017578,239.4817615684827,235.8714939748314,235.98089694287458,48137100
2024-12-03,241.3316650390625,241.44106801091166,237.60203896586935,238.5070985351772,38861000
2024-12-04,241.68971252441406,242.78374225546824,239.9392801306149,241.55047375645148,44383900
2024-12-05,241.71954345703125,243.21139387343032,240.81449907142343,242.66439419479377,40033900
2024-12-06,241.52064514160156,243.3009285590703,240.76477968960373,241.5902721155965,36870600
2024-12-09,245.40939331054688,245.89673657618508,240.43655859300793,240.51612576959502,44649200
2024-12-10,246.42384338378906,246.8614552449502,244.00703794178958,245.54861966146674,36914800
2024-12-11,245.15081787109375,249.43739908317045,244.92205654138039,246.61283253090062,45205800
2024-12-12,246.61282348632812,247.38858448031883,244.3451969163318,245.54862958315107,32777500
2024-12-13,246.7819061279297,247.9355922748061,244.90217516923994,246.47359279661413,33155300
2024-12-16,249.6761016845703,250.01426601000418,246.30452004436617,246.64268436980004,51694800
2024-12-17,252.1028289794922,252.45093348613432,248.42293425963442,248.72130738305802,51356400
2024-12-18,246.70233154296875,252.89847930582897,246.39401822090946,250.79000225751088,56774100
2024-12-19,248.43289184570312,250.63089166027345,245.74756389880645,246.15534002348284,60882300
2024-12-20,253.1073455810547,253.61456925624782,244.35515348919105,246.6923766885693,147495300
2024-12-23,253.88311767578125,254.26104280923545,252.07299848460428,253.38583418491564,40858800
2024-12-24,256.79718017578125,256.80710520536127,253.90297174117552,254.10189725758943,23234700
2024-12-26,257.61273193359375,258.6868812844183,256.23029959445824,256.78725468311694,27237100
2024-12-27,254.2013702392578,257.29448932345014,251.68511699924173,256.42919055718573,42355300
2024-12-30,250.8297882080078,252.1227283114492,249.38766912858338,250.85962400320443,35557500
2024-12-31,249.05946350097656,251.90392569582917,248.07483671879714,251.0684930674946,39480700
2025-01-02,242.52516174316406,247.74663833648884,240.50619200781614,247.57754859678104,55740700
2025-01-03,242.03782653808594,242.85336358935695,240.5758118291158,242.03782653808594,40244100
2025-01-06,243.6688995361328,245.98624232017474,241.8786760145675,242.9826459215422,45045600
2025-01-07,240.89405822753906,244.21590806857427,240.0387300769128,241.65986382248775,40856000
2025-01-08,241.38140869140625,242.38593107741448,238.74581220273618,240.6056476428208,37628900
2025-01-10,235.56320190429688,238.85521627248303,231.73411285331812,238.70602211575698,61710900
2025-01-13,233.1265106201172,233.39504797306242,228.4719441071402,232.26124214226888,49630700
2025-01-14,232.01258850097656,234.8371551382162,231.20699165927476,233.47460320476435,39435300
2025-01-15,236.57763671875,237.66172623332486,233.15632396556444,233.36518970349533,39832000
2025-01-16,227.0198516845703,236.7168796666606,226.79110553013876,236.06047699847062,71759100
2025-01-17,228.7305145263672,231.0279618693864,227.2386640256131,230.85888730040747,68488300
2025-01-21,221.4303741455078,223.20070201452856,218.18809151282764,222.78298573737737,98070400
2025-01-22,222.61392211914062,222.90233985709415,218.59586314481808,218.59586314481808,64126500
2025-01-23,222.4448699951172,225.79655609657794,221.09225820038625,223.51900422998196,60234800
2025-01-24,221.5696258544922,224.4041477572621,220.2070739772995,223.55875977197638,54697900
2025-01-27,228.61117553710938,230.888727332658,222.76311661057002,222.80290778981754,94863400
2025-01-28,236.9655303955078,238.88505261672515,229.5560092044273,229.59580038333414,75707600
2025-01-29,238.05953979492188,238.5568232574634,232.73860067537262,232.84800364416722,45486100
2025-01-30,236.2991485595703,239.48175963713217,235.92122345328548,237.3732826437262,55658300
2025-01-31,234.71780395507812,245.8470107317681,232.1717149504871,245.8470107317681,100959800
2025-02-03,226.7711944580078,230.5704473180637,224.4737473364884,228.7404478557844,73063300
2025-02-04,231.53518676757812,231.8633956790269,225.4185909783935,226.01533721300711,45067300
2025-02-05,231.2069854736328,231.4058958330951,227.0298072213747,227.2883891710869,39620300
2025-02-06,231.9529266357422,232.5297773409264,229.17807609142312,230.0334043541599,29925300
2025-02-07,226.39329528808594,232.72868233994458,226.02529517161955,231.33629458433444,39707200
2025-02-10,226.662109375,229.58935370973873,226.21406518332185,228.57379092662126,33115600
2025-02-11,231.61053466796875,234.2092091135714,227.1400288616486,227.20971719471092,53718400
2025-02-12,235.84210205078125,235.93172304376256,229.67896101319025,230.19670873650108,45243300
2025-02-13,240.48187255859375,241.28835511000761,234.54774465400956,235.8819260401158,53614100
2025-02-14,243.53857421875,244.48444869345934,239.94423906079516,240.2031053319298,40896200
2025-02-18,243.40911865234375,244.11602908498713,240.7905267294893,243.0905000064508,48822500
2025-02-19,243.80735778808594,244.94241003871878,242.1047870084227,243.59827761149603,32204200
2025-02-20,244.76321411132812,245.70908851524857,243.2298884862767,243.87707690453925,32316900
2025-02-21,244.48443603515625,247.61080936192474,244.15586625078134,244.88269415360097,53197400
2025-02-24,246.0277099609375,247.7800669312537,243.3593319822528,243.86711335623195,51326400
2025-02-25,245.96795654296875,248.91511822751468,243.84721006662005,246.92379728169456,48013300
2025-02-26,239.31695556640625,243.91690216055417,238.0922974197643,243.26972892021308,44433600
2025-02-27,236.27023315429688,241.4078448384303,236.0312691715791,238.3710773588995,41153600
2025-02-28,240.79052734375,241.03944246427386,229.2010399398617,235.92174819400608,56833400
2025-03-03,236.9970703125,242.97103338088397,235.08540395372597,240.7407483660274,47184000
2025-03-04,234.9061737060547,239.02822274747484,233.6615980851158,236.6784633674393,53798100
2025-03-05,234.71701049804688,235.5234930679701,228.235250954078,234.39839184729655,47227600
2025-03-06,234.3087921142578,236.82781201573715,232.1482106078643,233.42265485870865,45170400
2025-03-07,238.03256225585938,240.32256924437755,233.74125275300776,234.08974000390756,46273600
2025-03-10,226.4928436279297,235.13518456664028,223.24699590534985,234.5178647329352,72071200
2025-03-11,219.8816680908203,224.85997074742775,216.5063794973434,222.83878108425105,76137400
2025-03-12,216.03843688964844,220.78774229692388,213.9774273081433,219.1847280923864,62547500
2025-03-13,208.77008056640625,215.899013195213,207.51555384047248,215.01287598245443,61368300
2025-03-14,212.56356811523438,213.0215634427817,208.67053186821337,210.33328309966757,60107600
2025-03-17,213.0713653564453,214.2860724865002,209.05885441116683,212.38435712144667,48073400
2025-03-18,211.7670440673828,214.2163605039484,210.57225445008928,213.23066628615402,42432400
2025-03-19,214.30596923828125,217.8106832228152,212.8224296395377,213.29039128502816,54385400
2025-03-20,213.17091369628906,216.5462020975973,211.29906714235267,213.0613904363763,48862900
2025-03-21,217.3228302001953,217.8903488075446,210.36315756009637,210.6419412957371,94127800
2025-03-24,219.7721405029297,220.5188858867363,217.63147647971348,220.04097309502072,44299500
2025-03-25,222.77903747558594,223.12752472855482,219.1249652538438,219.81197343150768,34493600
2025-03-26,220.56866455078125,224.04352508950674,219.51326687455483,222.5400680439697,34466100
2025-03-27,222.87863159179688,224.0136840691367,219.6028997069453,220.42929982881355,37094800
2025-03-28,216.95440673828125,222.83876366462027,216.7353602231078,220.70805090185615,39818600
2025-03-31,221.16607666015625,224.64092215942225,215.29167046357225,216.06828445549021,65299300
2025-04-01,222.22146606445312,222.70932997882656,217.95007407622174,218.85612876373423,36412700
2025-04-02,222.91842651367188,224.21278818927524,220.06088576879955,220.3595869543347,35905900
2025-04-03,202.30825805664062,206.58960121618028,200.37667426890133,204.64805110026137,103419000
2025-04-04,187.56253051757812,199.01262630823254,186.52703508606032,193.0486144227304,125910900
2025-04-07,180.6725616455078,193.30748067285785,173.86223225537526,176.43103817745248,160466300
2025-04-08,171.67178344726562,189.5140179775097,168.47572171547168,185.88981432593783,120859500
2025-04-09,197.98709106445312,199.7394480269994,171.14407803694525,171.20381523449285,184395900
2025-04-10,189.59365844726562,193.9347385570105,182.205859833413,188.24952597387417,121880000
2025-04-11,197.29013061523438,198.67409816298056,185.25259829067514,185.29243322025624,87435900
2025-04-14,201.64117431640625,212.01595519155484,200.28707539108044,210.52246440005902,101352900
2025-04-15,201.26280212402344,202.62685207462172,198.93296032454862,200.98401841430368,51343900
2025-04-16,193.42697143554688,199.82906121923162,191.5352073519423,197.49921927320653,59732400
2025-04-17,196.1251983642578,197.9671763411939,193.5763099497932,196.34424488667963,52164700
2025-04-21,192.32177734375,192.958999427942,188.98630873883343,192.43130060162235,46742500
2025-04-22,198.8732452392578,200.715208155226,195.1196006832811,195.26894368988752,52976400
2025-04-23,203.71212768554688,207.0973670311424,201.9199358938783,205.1060461943045,52929200
2025-04-24,207.4657745361328,207.92378505310097,202.0593452871763,204.00088023313933,47311000
2025-04-25,208.37181091308594,208.8397725246136,205.3051750047529,205.47443545258193,38222300
2025-04-28,209.2281036376953,210.5822025692478,206.55974070372147,209.08871177088434,38743100
2025-04-29,210.29345703125,211.31898611202763,207.46576971677675,207.78438836336602,36827600
2025-04-30,211.57785034179688,212.65316547487808,205.7731479657814,208.39173986928208,52286500
2025-05-01,212.39430236816406,213.62891164873253,207.99346964638974,208.1726964341785,57365700
2025-05-02,204.4589080810547,206.091790839734,201.28274837051134,205.19568719385728,101010600
2025-05-05,198.0269012451172,203.21429874212313,197.34985944880984,202.21863831750238,69018500
2025-05-06,197.6485595703125,199.77927242381972,196.16503515467957,197.3498735756035,51216500
2025-05-07,195.3983612060547,198.5745204381265,192.4113798882551,198.30568786560423,68536700
2025-05-08,196.63299560546875,199.18188402861682,193.83517686729027,196.86199326420865,50478900
2025-05-09,197.66847229003906,199.6697443694255,196.6827629534363,198.1364339272832,36453900
2025-05-12,210.15048217773438,210.62903686932515,206.12274573806786,210.32994399020487,63775800
2025-05-13,212.28399658203125,212.75257189298435,208.36592688565332,209.79158118866218,51909300
2025-05-14,211.6858367919922,213.29095299553776,209.94114592781207,211.78552428530423,49325800
2025-05-15,210.80850219726562,212.31393091132972,208.90429308394448,210.31001909194578,45029500
2025-05-16,210.6190643310547,211.92510277199543,209.1335944967917,211.71573318604425,54737900
2025-05-19,208.14659118652344,208.84446444770495,203.64029993754312,207.27923550566183,46140500
2025-05-20,206.232421875,207.83753801206538,204.40797196423648,207.03996203611737,42496600
2025-05-21,201.47689819335938,206.4118779017609,200.10109516487896,204.54755595275296,59211800
2025-05-22,200.7490997314453,202.1348820380274,199.09413231135568,200.1010778345708,46742400
2025-05-23,194.67758178710938,197.10020219746903,192.8730755135501,193.0824298832746,78432900
2025-05-27,199.60260009765625,200.1309909415137,196.83102019804124,197.6983910952664,56288500
2025-05-28,199.8119659423828,202.11495545301858,199.29353925378823,199.98144837254895,45339700
2025-05-29,199.3433837890625,203.19167383577107,197.90775006205254,202.9623758748587,51396800
2025-05-30,200.24066162109375,201.3472946799051,196.18300200128658,198.7651407343476,70819900
2025-06-02,201.08807373046875,201.51677709467234,199.51286535414474,199.67238359256916,35423300
2025-06-03,202.6533203125,203.1518034040851,200.35033086337637,200.73914706631285,46381600
2025-06-04,202.2046661376953,205.6142882803356,201.4868493484558,202.2943894332265,43604000
2025-06-05,200.0213165283203,204.12881205428334,199.54276184010462,202.8826044104843,55126100
2025-06-06,203.30133056640625,205.07592905349443,201.4370087789868,202.3841235560851,46607700
2025-06-09,200.8388214111328,205.3750202901374,199.41316716451473,203.76990423179717,72862600
2025-06-10,202.0551300048828,203.73004106569937,199.96151019448254,199.99141796230995,54672600
2025-06-11,198.1769256591797,203.8795731269679,197.80805305990708,202.88260699920767,60989900
2025-06-12,198.5956573486328,199.07419684911244,196.7612432530472,198.47602627663701,43904600
2025-06-13,195.85400390625,199.76210952406473,195.1062792678608,199.12405177447246,51447300
2025-06-16,197.81802368164062,198.08720880439395,195.96366601516638,196.701426450214,43020700
2025-06-17,195.04644775390625,197.78810453675544,194.61775963167673,196.6017124403596,38856200
2025-06-18,195.98361206054688,196.97061404804722,194.47819861622497,195.34555431850023,45394700
2025-06-20,200.39019775390625,201.08807102199273,196.2627584683704,197.63857663438114,96813500
2025-06-23,200.888671875,201.686247808318,198.3563846401482,201.01828233775666,55814300
2025-06-24,199.69232177734375,202.8227948624406,199.59261907789957,201.97536755465325,54064000
2025-06-25,200.948486328125,203.052085424857,200.01133575244882,200.83881944772682,39525700
2025-06-26,200.39019775390625,202.025221644493,198.85487656411598,200.81888589983927,50799100
2025-06-27,200.469970703125,202.6034778198992,199.39324535272064,201.27751091280393,73188600
2025-06-30,204.54754638671875,206.7608124915243,198.6554726965608,201.39712965217615,91912800
2025-07-01,207.18951416015625,209.55231908550664,205.51460310500556,206.04299395149746,78788900
2025-07-02,211.7954864501953,212.69274987948137,207.5085290616707,208.2761972389462,67941800
2025-07-03,212.90211486816406,213.99876845669687,211.16738836812712,211.50635319299207,34955800
2025-07-07,209.3130340576172,215.57398008038285,208.16652910348648,212.03474730839852,50229000
2025-07-08,209.37286376953125,210.78855393169587,207.8175989494771,209.46260228799343,42848900
2025-07-09,210.4994354248047,210.6888614301138,206.59132988433592,208.8943192909964,48749400
2025-07-10,211.76559448242188,212.8323404073814,209.39281005517992,209.87134957233482,44443600
2025-07-11,210.5193634033203,211.48642172848318,209.22330444266433,209.93115706069412,39765800
2025-07-14,207.98707580566406,210.27013683517245,206.91035052542594,209.29309904361602,38840100
2025-07-15,208.47560119628906,211.2471659954246,208.2861751856472,208.5852680860029,42296300
2025-07-16,209.52239990234375,211.75559423754484,208.00700716596054,209.6619745482938,47490500
2025-07-17,209.38282775878906,211.15742622671814,208.95412441878605,209.93116216460888,48068100
2025-07-18,210.539306640625,211.1474566075158,209.06380098140497,210.23024956462245,48974600
2025-07-21,211.8353729248047,215.12536441190215,210.98796078626995,211.45653611507612,51377400
2025-07-22,213.74952697753906,214.29786137817433,211.58611235366487,212.49335516085276,46404100
2025-07-23,213.50030517578125,214.49727137359017,211.76559372759175,214.3477325289176,46989300
2025-07-24,213.11148071289062,215.03563331063384,212.8821827557749,213.25105536667797,46022600
2025-07-25,213.2311248779297,214.58699944946258,212.7525701732737,214.04862920984866,40268800
2025-07-28,213.40061950683594,214.1981955143971,212.41361748607306,213.38067592321022,37858000
2025-07-29,210.62904357910156,214.1582970701604,210.18041185237743,213.53020352524888,51411700
2025-07-30,208.415771484375,211.74563469104578,207.0898047125579,211.25711581327238,45512500
2025-07-31,206.94027709960938,209.20337937318874,206.5315173151756,207.85748415888986,80698400
2025-08-01,201.76600646972656,212.93202387361222,200.88867142379772,210.23023901853355,104434500
2025-08-04,202.7330780029297,207.24933356384108,201.06813110178,203.8895472057539,75109300
2025-08-05,202.3043670654297,204.71702329589334,201.54667827641916,202.78290655256814,44155100
2025-08-06,212.60302734375,214.72657006985978,204.96626313259566,205.00615029681612,108483100
2025-08-07,219.36245727539062,220.1799768073744,215.92292715514498,218.2159523061407,90224800
2025-08-08,228.6541748046875,230.29916273925562,218.58481138779996,220.16001960779298,113854000
2025-08-11,226.747802734375,229.12327986736793,224.3324083989562,227.48640043221798,61806100
2025-08-12,229.21310424804688,230.36092560837628,226.63802588155738,227.57622481823222,55626200
2025-08-13,232.88612365722656,234.55294488479396,229.99163136972763,230.6304284784954,69878500
2025-08-14,232.337158203125,234.67270293292236,230.41083714463488,233.6147219132583,51916300
2025-08-15,231.1494140625,233.834298979768,228.9036945156081,233.5548328767578,56038700
2025-08-18,230.4507598876953,232.67651332576617,229.672244959047,231.25921652669462,37476200
2025-08-19,230.1213836669922,232.42698672077375,228.9136940815642,230.84001516813981,39402600
2025-08-20,225.5800323486328,230.0315543310328,225.3404986724704,229.54248102593337,42263900
2025-08-21,224.47215270996094,226.08908123987146,223.35428822884654,225.83955683035407,30621200
2025-08-22,227.3267059326172,228.65417758009713,224.98118568943215,225.73973438952316,42477800
2025-08-25,226.72784423828125,228.86377239669042,225.79960559269966,226.04912998143794,30983100
2025-08-26,228.87376403808594,229.0534295301293,224.26255788237486,226.43840339540802,54575100
2025-08-27,230.05152893066406,230.46073738560713,227.82576024347395,228.17510050695543,31259500
2025-08-28,232.11758422851562,232.9659733126178,228.90370861616245,230.3809040856524,38074700
2025-08-29,231.69837951660156,232.9360260407387,230.92984008944924,232.0676707602769,39418400
2025-09-02,229.28298950195312,230.4108447009183,226.53822101083426,228.81388239599917,44075600
2025-09-03,238.01634216308594,238.395624134605,233.9141603097862,236.75874463665696,66427800
2025-09-04,239.32383728027344,239.44360411673358,236.28962732845326,237.99636566705198,47549400
2025-09-05,239.2340087890625,240.86091270031892,238.03629475202086,239.54341659874092,54870400
2025-09-08,237.42745971679688,239.69313028194867,235.89038089866295,238.84475646782593,48999500
2025-09-09,233.9041748046875,238.3257397896772,232.9160527142261,236.54912730927947,66313900
2025-09-10,226.35855102539062,231.97784546194652,225.52015268533836,231.7482872752143,83440800
2025-09-11,229.59239196777344,230.01159113632517,226.21881717306923,226.44839058875493,50208600
2025-09-12,233.6247100830078,234.06386022938602,228.58431421011397,228.78393068206054,55824200
2025-09-15,236.24969482421875,237.7368657054393,234.58287368836292,236.54912714503797,42699500
2025-09-16,237.6969451904297,240.76111223381088,235.87043992435724,236.72878926810645,63421100
2025-09-17,238.5353546142578,239.6432435766681,237.27774187166392,238.5153883976145,46508000
2025-09-18,237.42745971679688,240.74113579799257,236.199788714976,239.5134800259323,44249600
2025-09-19,245.032958984375,245.83144010441063,239.7530294205925,240.77107799962133,163741300
2025-09-22,255.5928192138672,256.15178189089505,247.64797087114997,247.82763635806887,105517400
2025-09-23,253.9459686279297,256.8504363399061,253.0975947938589,255.39322235208516,60275200
2025-09-24,251.8300018310547,255.2534845023776,250.56241362070242,254.73446948849343,42303700
2025-09-25,256.3813171386719,256.6807646844572,251.2311452680336,252.72829161839874,55202100
2025-09-26,254.97401428222656,257.10994249251326,253.2972024297037,253.61660096533106,46076300
2025-09-29,253.9459686279297,254.5148915782133,252.52867184357527,254.0757261912774,40127700
2025-09-30,254.14559936523438,255.4331385813304,252.6284867333586,254.37515755125318,37704300
2025-10-01,254.9640350341797,258.29769267334166,254.44502000530687,254.55481135314994,48713900
2025-10-02,256.6408386230469,257.68882891050583,253.66649683440303,256.09186667190835,42630200
2025-10-03,257.5291442871094,258.7468246365968,253.46689477740222,254.18552630266564,49155600
2025-10-06,256.20166015625,258.57713717661323,254.56478079871025,257.49917477533796,44664100
2025-10-07,255.99209594726562,256.9103287268919,254.94407514023973,256.32145476920215,31955800
2025-10-08,257.569091796875,258.0282082133661,255.62278908467795,256.03201279963565,36496900
2025-10-09,253.55670166015625,257.50917476461467,252.65841993311406,257.3195337882977,38322000
2025-10-10,244.80340576171875,255.8922708493858,243.53581752909898,254.45500785015722,61999100
2025-10-13,247.18885803222656,249.2149949644775,245.09284695690994,248.90558714178317,38142900
2025-10-14,247.29864501953125,248.37659224814226,244.23447809703134,246.13087266264282,35478000
2025-10-15,248.86566162109375,251.3409547309234,246.99922390992754,249.01538540478128,33893600
2025-10-16,246.97926330566406,248.56623493239263,244.66368465033412,247.77774448085987,39777000
2025-10-17,251.81002807617188,252.89796599708643,246.79958926324147,247.5481624372989,49147000
2025-10-20,261.7411193847656,263.87706298772724,255.14370850365398,255.4032084113237,90483000
2025-10-21,262.27008056640625,264.7853058703715,261.3318664386604,261.3817895915523,46695900
2025-10-22,257.9583435058594,262.349966966352,254.94406918261987,262.15033525743416,45015300
2025-10-23,259.0861511230469,260.12418111371363,257.51916110368444,259.4454820834593,32754900
2025-10-24,262.3200378417969,263.62754335723145,258.68694768993146,260.69313376057823,38253700
2025-10-27,268.2986145019531,268.60802232244004,264.1465248140549,264.37609822840903,44888200
2025-10-28,268.4882507324219,269.3765722048576,267.63986169210665,268.4782600095115,41534800
2025-10-29,269.1869201660156,270.8936584399069,266.6018207191691,268.76770579477784,51086700
2025-10-30,270.8836669921875,273.6184749716116,267.969239224885,271.4725408872279,69886500
2025-10-31,269.85565185546875,276.79244258078194,268.647962249571,276.4630533049319,86167100
2025-11-03,268.53814697265625,270.33474092754267,265.74348587775046,269.90556627002525,50194600
2025-11-04,269.5262756347656,270.9734988318123,267.11086611942017,267.8195068636227,49274800
2025-11-05,269.6260986328125,271.18312844251227,266.4221834255846,268.0989800730272,43683100
2025-11-06,269.25677490234375,272.8798740142925,267.38037702601645,267.38037702601645,51204000
2025-11-07,267.9592590332031,271.7719991063764,266.26248096015127,269.28671541495146,48227400
2025-11-10,269.1781311035156,273.4741297822401,267.20997142836535,268.7085692371889,41312400
2025-11-11,274.99267578125,275.65206242273547,269.5477586519058,269.55775905965567,46208300
2025-11-12,273.21435546875,275.4722525277038,271.4460210796085,274.74292397164845,48398000
2025-11-13,272.6948547363281,276.4413491841305,271.83564282199285,273.85374352181776,49602800
2025-11-14,272.15533447265625,275.70200347225597,269.3479639093673,270.7965900477885,47431300
2025-11-17,267.2099609375,270.2371271729127,265.48159771217263,268.5687054184609,45018300
2025-11-18,267.19000244140625,270.4569347049811,265.0719890725528,269.7376065335732,45677300
2025-11-19,268.3089294433594,271.9555110777923,265.2517925781922,265.2817633125939,40424500
2025-11-20,266.0010986328125,275.17250947675234,265.67142054546326,270.5768036466949,45823600
2025-11-21,271.2361755371094,273.0744516711978,265.4216397990326,265.70137680880595,59030800
2025-11-24,275.6620788574219,276.7410558404627,270.64675212306133,270.64675212306133,65585800
2025-11-25,276.7110900878906,280.1179060838009,274.9926967216935,275.012667049666,46914200
2025-11-26,277.29052734375,279.26868736786383,276.3714044558947,276.70108254872224,33431400
2025-11-28,278.5893249511719,278.73917862681736,275.73198274965245,277.0008150112318,20135600
2025-12-01,282.8353576660156,283.1550658399818,275.88187257202503,277.75011957449965,46587700
2025-12-02,285.9224548339844,287.1313151163589,282.36578537497866,282.7354345985028,53669500
2025-12-03,283.8843688964844,288.35019153510143,283.0351573834178,285.9324708384744,43538700
2025-12-04,280.4375915527344,284.46382276925783,278.32954829392816,283.83440686502166,43989100
2025-12-05,278.5193786621094,280.8771882481053,277.79005013345267,280.27774306596746,47265800
2025-12-08,277.6302185058594,279.4085531850005,275.8918244790692,277.86998437615557,38211800
2025-12-09,276.9208679199219,279.7682096639769,276.6611317163261,277.8999627322321,32193300
2025-12-10,278.5193786621094,279.48847306800184,276.1815698919154,277.490342786908,33038300
2025-12-11,277.77008056640625,279.3286197507982,273.5540244422053,278.83908758708685,33248000
2025-12-12,278.0198669433594,278.9589906850317,276.5612402656973,277.64021728323,39532900
2025-12-15,273.8537292480469,279.8880911943856,272.5849275039148,279.8880911943856,50409100
2025-12-16,274.353271484375,275.2424541197232,271.53593087885605,272.5649667835892,37648600
2025-12-17,271.58587646484375,275.90184538512057,271.38608172110213,274.75292651919426,50138700
2025-12-18,271.935546875,273.374203136776,266.7004552212896,273.35420232069225,51630700
2025-12-19,273.4141845703125,274.34330788170604,269.64768928264715,271.8955859651445,144632000
2025-12-22,270.7166748046875,273.62395794129594,270.25711338978425,272.6048920133635,36571800
2025-12-23,272.1053771972656,272.2452609569047,269.30800689497966,270.5868091030317,29642000
2025-12-24,273.55401611328125,275.17249671786806,271.9455359163183,272.085389177814,17910600
2025-12-26,273.1444091796875,275.1125687682936,272.6049054553,273.9037084592662,21521800
2025-12-29,273.50408935546875,274.10350406329195,272.0954038139857,272.4350823114352,23715200
2025-12-30,272.82470703125,273.82377221524894,272.02546707967076,272.5549704076282,22139600
2025-12-31,271.6058349609375,273.42414083736213,271.49595243002375,272.80472532736104,27293600
2026-01-02,270.75665283203125,277.58025431004916,268.7485221479618,272.0054842546519,37838100
2026-01-05,267.0101623535156,271.25618925068443,265.89121426121545,270.38700744645297,45647200
2026-01-06,262.1147155761719,267.2998660934885,261.8749496989937,266.7503924619391,52352100
2026-01-07,260.08660888671875,263.4334831315393,259.56710600115036,262.95395138764474,48309800
2026-01-08,258.7978515625,259.0476178563403,255.46096229095477,256.7797203952787,50419300
2026-01-09,259.1275329589844,259.9667440583015,255.98048371428257,258.8377955175017,39997000
2026-01-12,260.0067138671875,261.05572011368304,256.5599267903311,258.9177364764393,45263800
2026-01-13,260.8059387207031,261.56523797230057,258.148452318208,258.4781303943212,45730800
2026-01-14,259.71697998046875,261.57525710051715,256.4700180914029,259.247418118488,40019400
2026-01-15,257.9685974121094,260.7959687899761,256.8096782083212,260.40631875644857,39388600
2026-01-16,255.29112243652344,258.6579671912775,254.69167723491495,257.6589020182799,72142800
2026-01-20,246.46937561035156,254.55180921698133,243.19244305608962,252.49373739571587,80267500
2026-01-21,247.41848754882812,251.3248360900433,244.9507953165175,248.46750904444812,54641700
2026-01-22,248.1178436279297,250.76536025794266,247.9180183962477,248.96703988447874,39708300
2026-01-23,247.80812072753906,249.17685039145397,244.45126111041233,247.08880782235642,41689000
2026-01-26,255.17123413085938,256.32015295784896,249.5664780183616,251.24490015634893,55969200
2026-01-27,258.0285339355469,261.70511669708895,257.96859246831417,258.92771692213245,49648300
2026-01-28,256.2002868652344,258.61800761819165,254.27208306792676,257.409147241713,41288000
2026-01-29,258.0385437011719,259.4072580677027,254.17216647920577,257.75880668092503,67253000
2026-01-30,259.2374267578125,261.6551472598355,251.94423313215475,254.93144331105526,92443400
2026-02-02,269.7575988769531,270.2371306501278,258.9676766447768,259.7869174093499,73913400
2026-02-03,269.22808837890625,271.6258386480508,267.3598109321867,268.9483513556569,64394700
2026-02-04,276.23150634765625,278.68922850453845,272.03545112075,272.03545112075,90545700
2026-02-05,275.6520690917969,279.2387093202658,272.97458180817284,277.86999494352693,52977400
2026-02-06,277.8599853515625,280.6473855638201,276.67109542368036,276.8609202349588,50453400
2026-02-09,274.6199951171875,278.20001220703125,271.70001220703125,277.9100036621094,44623400
2026-02-10,273.67999267578125,275.3699951171875,272.94000244140625,274.8900146484375,34376900
2026-02-11,275.5,280.17999267578125,274.45001220703125,274.70001220703125,51931300
2026-02-12,261.7300109863281,275.7200012207031,260.17999267578125,275.5899963378906,80867900
